,player_name,time,longitude,latitude,ressource_id,ressource_type,Game_ID
0,Gentle Bear,2023-05-20 10:10:11-05:00,-74.478752,46.043233,81,Type A,1
1,Wise Leopard,2023-05-20 10:10:15-05:00,-74.479711,46.045901,24,Type A,1
2,Graceful Raccoon,2023-05-20 10:10:28-05:00,-74.478423,46.043578,89,Type A,1
3,Energetic Badger,2023-05-20 10:10:32-05:00,-74.479221,46.0436,84,Type A,1
4,Gentle Bear,2023-05-20 10:10:44-05:00,-74.478818,46.043232,81,Type A,1
5,Wise Leopard,2023-05-20 10:10:48-05:00,-74.479711,46.045901,25,Type A,1
6,Majestic Kangaroo,2023-05-20 10:10:48-05:00,-74.47917,46.04305,77,Type A,1
7,Independent Weasel,2023-05-20 10:10:58-05:00,-74.478921,46.043472,83,Type B,1
8,Lively Rabbit,2023-05-20 10:11:11-05:00,-74.477518,46.043125,100,Type A,1
9,Majestic Kangaroo,2023-05-20 10:11:15-05:00,-74.47917,46.04305,77,Type A,1
10,Independent Weasel,2023-05-20 10:11:26-05:00,-74.478921,46.043472,83,Type B,1
11,Enduring Beaver,2023-05-20 10:11:31-05:00,-74.478379,46.042931,79,Type B,1
12,Fearless Chameleon,2023-05-20 10:11:31-05:00,-74.478648,46.04309,78,Type A,1
13,Clever Lion,2023-05-20 10:11:36-05:00,-74.47868,46.044678,11,Type A,1
14,Lively Rabbit,2023-05-20 10:11:37-05:00,-74.47734,46.043361,100,Type A,1
15,Resilient Otter,2023-05-20 10:11:52-05:00,-74.47841,46.043804,88,Type A,1
16,Lively Rabbit,2023-05-20 10:12:06-05:00,-74.47734,46.043361,100,Type A,1
17,Wild Tiger,2023-05-20 10:12:16-05:00,-74.479148,46.044121,17,Type A,1
18,Bold Owl,2023-05-20 10:12:29-05:00,-74.477207,46.042928,104,Type A,1
19,Cunning Giraffe,2023-05-20 10:12:29-05:00,-74.478589,46.042821,76,Type A,1
20,Resilient Otter,2023-05-20 10:12:32-05:00,-74.478407,46.043804,88,Type A,1
21,Wandering Antelope,2023-05-20 10:12:34-05:00,-74.478616,46.042092,71,Type A,1
22,Bold Owl,2023-05-20 10:12:51-05:00,-74.477309,46.043044,104,Type B,1
23,Elusive Fox,2023-05-20 10:12:51-05:00,-74.477585,46.045312,7,Type A,1
24,Cunning Giraffe,2023-05-20 10:13:02-05:00,-74.478603,46.042774,76,Type A,1
25,Wandering Antelope,2023-05-20 10:13:07-05:00,-74.479043,46.042074,71,Type A,1
26,Fearless Chameleon,2023-05-20 10:13:17-05:00,-74.478853,46.04273,75,Type A,1
27,Resilient Otter,2023-05-20 10:13:22-05:00,-74.478375,46.043754,88,Type A,1
28,Bold Owl,2023-05-20 10:13:23-05:00,-74.477326,46.043091,104,Type A,1
29,Graceful Raccoon,2023-05-20 10:13:23-05:00,-74.478652,46.043908,14,Type B,1
30,Wild Tiger,2023-05-20 10:13:25-05:00,-74.479122,46.044123,17,Type A,1
31,Fearless Chameleon,2023-05-20 10:13:50-05:00,-74.478853,46.04273,75,Type A,1
32,Wandering Antelope,2023-05-20 10:13:59-05:00,-74.479043,46.042074,71,Type B,1
33,Graceful Raccoon,2023-05-20 10:14:14-05:00,-74.478649,46.043906,14,Type B,1
34,Bold Owl,2023-05-20 10:14:19-05:00,-74.477326,46.043091,104,Type B,1
35,Resilient Otter,2023-05-20 10:14:32-05:00,-74.47825,46.043757,88,Type A,1
36,Wandering Antelope,2023-05-20 10:14:48-05:00,-74.479094,46.042109,71,Type A,1
37,Daring Koala,2023-05-20 10:14:52-05:00,-74.479235,46.045505,3,Type B,1
38,Wandering Antelope,2023-05-20 10:15:13-05:00,-74.47905,46.042145,71,Type A,1
39,Daring Koala,2023-05-20 10:15:16-05:00,-74.479265,46.045524,3,Type B,1
40,Brave Cheetah,2023-05-20 10:15:23-05:00,-74.47817,46.042718,110,Type A,1
41,Silent Squirrel,2023-05-20 10:15:25-05:00,-74.477326,46.043091,104,Type A,1
42,Tenacious Mongoose,2023-05-20 10:15:27-05:00,-74.479289,46.043967,86,Type B,1
43,Daring Koala,2023-05-20 10:15:33-05:00,-74.479265,46.045524,3,Type A,1
44,Wandering Antelope,2023-05-20 10:15:35-05:00,-74.479039,46.042226,71,Type A,1
45,Daring Koala,2023-05-20 10:15:48-05:00,-74.47924,46.045515,3,Type B,1
46,Tenacious Mongoose,2023-05-20 10:16:01-05:00,-74.479289,46.043967,86,Type A,1
47,Daring Koala,2023-05-20 10:16:12-05:00,-74.47924,46.045515,3,Type A,1
48,Resilient Otter,2023-05-20 10:16:22-05:00,-74.478443,46.043599,89,Type A,1
49,Wild Tiger,2023-05-20 10:16:39-05:00,-74.479297,46.043923,18,Type A,1
50,Tenacious Mongoose,2023-05-20 10:16:43-05:00,-74.479289,46.043967,86,Type A,1
51,Clever Lion,2023-05-20 10:17:10-05:00,-74.47868,46.044678,11,Type A,1
52,Tenacious Mongoose,2023-05-20 10:17:29-05:00,-74.479289,46.043967,86,Type A,1
53,Daring Koala,2023-05-20 10:17:50-05:00,-74.479219,46.045529,3,Type A,1
54,Brave Cheetah,2023-05-20 10:18:08-05:00,-74.478263,46.042921,79,Type A,1
55,Resilient Otter,2023-05-20 10:18:12-05:00,-74.47849,46.043632,89,Type A,1
56,Tenacious Mongoose,2023-05-20 10:18:28-05:00,-74.479289,46.043967,86,Type A,1
57,Wild Tiger,2023-05-20 10:18:30-05:00,-74.47929,46.043976,18,Type A,1
58,Enduring Beaver,2023-05-20 10:18:33-05:00,-74.47817,46.042941,109,Type A,1
59,Wandering Antelope,2023-05-20 10:18:35-05:00,-74.479078,46.042187,71,Type B,1
60,Majestic Kangaroo,2023-05-20 10:18:42-05:00,-74.478448,46.043218,80,Type A,1
61,Brave Cheetah,2023-05-20 10:18:44-05:00,-74.478401,46.042925,79,Type A,1
62,Wild Tiger,2023-05-20 10:18:54-05:00,-74.479287,46.043924,18,Type A,1
63,Enduring Beaver,2023-05-20 10:19:04-05:00,-74.47817,46.042941,109,Type B,1
64,Wild Tiger,2023-05-20 10:19:15-05:00,-74.479287,46.043924,18,Type A,1
65,Resilient Otter,2023-05-20 10:19:32-05:00,-74.478456,46.043625,89,Type A,1
66,Graceful Raccoon,2023-05-20 10:19:34-05:00,-74.47897,46.04386,16,Type B,1
67,Lively Rabbit,2023-05-20 10:19:38-05:00,-74.477232,46.043035,101,Type A,1
68,Clever Lion,2023-05-20 10:19:39-05:00,-74.479119,46.044808,21,Type A,1
69,Tenacious Mongoose,2023-05-20 10:19:44-05:00,-74.479289,46.043967,86,Type A,1
70,Clever Lion,2023-05-20 10:20:12-05:00,-74.479171,46.044776,21,Type A,1
71,Graceful Raccoon,2023-05-20 10:20:20-05:00,-74.478974,46.043877,16,Type B,1
72,Cunning Giraffe,2023-05-20 10:20:26-05:00,-74.478015,46.042402,113,Type A,1
73,Tenacious Mongoose,2023-05-20 10:20:28-05:00,-74.479289,46.043967,86,Type B,1
74,Majestic Kangaroo,2023-05-20 10:20:29-05:00,-74.478102,46.043379,91,Type A,1
75,Bold Owl,2023-05-20 10:20:31-05:00,-74.476852,46.043394,102,Type A,1
76,Graceful Raccoon,2023-05-20 10:20:49-05:00,-74.478979,46.043888,16,Type A,1
77,Tenacious Mongoose,2023-05-20 10:21:01-05:00,-74.479289,46.043967,86,Type B,1
78,Cunning Giraffe,2023-05-20 10:21:05-05:00,-74.478015,46.042402,113,Type A,1
79,Daring Koala,2023-05-20 10:21:05-05:00,-74.479114,46.045314,22,Type A,1
80,Tenacious Mongoose,2023-05-20 10:21:25-05:00,-74.479275,46.043991,86,Type B,1
81,Majestic Kangaroo,2023-05-20 10:21:40-05:00,-74.478224,46.04327,92,Type A,1
82,Cunning Giraffe,2023-05-20 10:21:45-05:00,-74.478033,46.042455,113,Type A,1
83,Bold Owl,2023-05-20 10:21:58-05:00,-74.476669,46.043371,102,Type B,1
84,Cunning Giraffe,2023-05-20 10:22:27-05:00,-74.478033,46.042455,113,Type B,1
85,Tenacious Mongoose,2023-05-20 10:22:33-05:00,-74.479275,46.043991,86,Type A,1
86,Clever Lion,2023-05-20 10:22:52-05:00,-74.479171,46.044776,21,Type A,1
87,Cunning Giraffe,2023-05-20 10:23:01-05:00,-74.478033,46.042455,113,Type B,1
88,Energetic Badger,2023-05-20 10:23:11-05:00,-74.479025,46.043682,85,Type A,1
89,Wandering Antelope,2023-05-20 10:23:11-05:00,-74.478604,46.042432,72,Type B,1
90,Noble Zebra,2023-05-20 10:23:11-05:00,-74.478204,46.045936,27,Type A,1
91,Tenacious Mongoose,2023-05-20 10:23:23-05:00,-74.479275,46.043991,86,Type B,1
92,Tenacious Mongoose,2023-05-20 10:23:23-05:00,-74.479275,46.043991,86,Type B,1
93,Cunning Giraffe,2023-05-20 10:23:26-05:00,-74.478044,46.042428,113,Type A,1
94,Graceful Raccoon,2023-05-20 10:23:35-05:00,-74.479099,46.044073,17,Type B,1
95,Silent Squirrel,2023-05-20 10:23:40-05:00,-74.478496,46.046127,26,Type A,1
96,Energetic Badger,2023-05-20 10:23:43-05:00,-74.478929,46.043621,85,Type A,1
97,Cunning Giraffe,2023-05-20 10:23:47-05:00,-74.478044,46.042428,113,Type A,1
98,Wandering Antelope,2023-05-20 10:24:07-05:00,-74.478604,46.042432,72,Type B,1
99,Clever Lion,2023-05-20 10:24:25-05:00,-74.479171,46.044776,21,Type A,1
100,Wandering Antelope,2023-05-20 10:24:39-05:00,-74.478604,46.042432,72,Type B,1
101,Noble Zebra,2023-05-20 10:25:11-05:00,-74.478228,46.045948,27,Type A,1
102,Wandering Antelope,2023-05-20 10:25:24-05:00,-74.478604,46.042432,72,Type B,1
103,Energetic Badger,2023-05-20 10:25:45-05:00,-74.47891,46.043722,15,Type A,1
104,Brave Cheetah,2023-05-20 10:25:49-05:00,-74.478761,46.04327,81,Type A,1
105,Wise Leopard,2023-05-20 10:25:50-05:00,-74.479317,46.045575,3,Type A,1
106,Silent Squirrel,2023-05-20 10:25:53-05:00,-74.478487,46.046225,26,Type B,1
107,Noble Zebra,2023-05-20 10:25:54-05:00,-74.478228,46.045951,27,Type A,1
108,Cunning Giraffe,2023-05-20 10:25:55-05:00,-74.478347,46.042166,70,Type B,1
109,Wandering Antelope,2023-05-20 10:26:01-05:00,-74.478604,46.042432,72,Type B,1
110,Majestic Kangaroo,2023-05-20 10:26:03-05:00,-74.478313,46.042927,5,Type A,1
111,Brave Cheetah,2023-05-20 10:26:08-05:00,-74.478761,46.04327,81,Type A,1
112,Tenacious Mongoose,2023-05-20 10:26:10-05:00,-74.479513,46.044235,84,Type A,1
113,Bold Owl,2023-05-20 10:26:15-05:00,-74.478587,46.043183,106,Type A,1
114,Noble Zebra,2023-05-20 10:26:16-05:00,-74.478228,46.045951,27,Type A,1
115,Wandering Antelope,2023-05-20 10:26:20-05:00,-74.478604,46.042432,72,Type B,1
116,Silent Squirrel,2023-05-20 10:26:24-05:00,-74.478487,46.046225,26,Type A,1
117,Cunning Giraffe,2023-05-20 10:26:27-05:00,-74.478348,46.042121,70,Type B,1
118,Brave Cheetah,2023-05-20 10:26:34-05:00,-74.478831,46.043278,81,Type A,1
119,Majestic Kangaroo,2023-05-20 10:26:42-05:00,-74.478313,46.042927,5,Type A,1
120,Tenacious Mongoose,2023-05-20 10:26:55-05:00,-74.479513,46.044235,84,Type A,1
121,Wise Leopard,2023-05-20 10:26:58-05:00,-74.479258,46.045549,3,Type A,1
122,Silent Squirrel,2023-05-20 10:26:59-05:00,-74.478487,46.046225,26,Type A,1
123,Silent Squirrel,2023-05-20 10:26:59-05:00,-74.478487,46.046225,26,Type A,1
124,Cunning Giraffe,2023-05-20 10:27:06-05:00,-74.478348,46.042121,70,Type A,1
125,Majestic Kangaroo,2023-05-20 10:27:23-05:00,-74.478293,46.042881,5,Type A,1
126,Resilient Otter,2023-05-20 10:27:33-05:00,-74.478463,46.044287,75,Type A,1
127,Silent Squirrel,2023-05-20 10:27:35-05:00,-74.478487,46.046225,26,Type B,1
128,Cunning Giraffe,2023-05-20 10:27:43-05:00,-74.478278,46.042113,70,Type B,1
129,Bold Owl,2023-05-20 10:27:45-05:00,-74.47787,46.042693,106,Type B,1
130,Tenacious Mongoose,2023-05-20 10:27:48-05:00,-74.479513,46.044235,84,Type A,1
131,Silent Squirrel,2023-05-20 10:27:48-05:00,-74.478487,46.046225,26,Type A,1
132,Resilient Otter,2023-05-20 10:27:50-05:00,-74.478463,46.044287,12,Type A,1
133,Noble Zebra,2023-05-20 10:27:54-05:00,-74.478239,46.045955,27,Type A,1
134,Fierce Porcupine,2023-05-20 10:28:03-05:00,-74.479085,46.042168,71,Type A,1
135,Silent Squirrel,2023-05-20 10:28:08-05:00,-74.478487,46.046225,26,Type B,1
136,Cunning Giraffe,2023-05-20 10:28:10-05:00,-74.478343,46.04212,70,Type B,1
137,Bold Owl,2023-05-20 10:28:36-05:00,-74.477853,46.042663,106,Type B,1
138,Cunning Giraffe,2023-05-20 10:28:48-05:00,-74.478403,46.042141,70,Type B,1
139,Silent Squirrel,2023-05-20 10:28:50-05:00,-74.478487,46.046225,26,Type A,1
140,Bold Owl,2023-05-20 10:28:58-05:00,-74.477889,46.042675,106,Type A,1
141,Tenacious Mongoose,2023-05-20 10:29:08-05:00,-74.47955,46.044262,84,Type A,1
142,Cunning Giraffe,2023-05-20 10:29:14-05:00,-74.478335,46.042142,70,Type B,1
143,Bold Owl,2023-05-20 10:29:36-05:00,-74.477825,46.042657,106,Type A,1
144,Silent Squirrel,2023-05-20 10:29:45-05:00,-74.478462,46.046248,26,Type A,1
145,Tenacious Mongoose,2023-05-20 10:29:54-05:00,-74.47955,46.044262,84,Type A,1
146,Cunning Giraffe,2023-05-20 10:29:55-05:00,-74.478309,46.042132,70,Type B,1
147,Majestic Kangaroo,2023-05-20 10:29:59-05:00,-74.478775,46.043192,81,Type A,1
148,Wild Tiger,2023-05-20 10:30:08-05:00,-74.478923,46.043359,83,Type A,1
149,Majestic Kangaroo,2023-05-20 10:30:16-05:00,-74.478803,46.043237,81,Type A,1
150,Wild Tiger,2023-05-20 10:30:40-05:00,-74.4789,46.043405,83,Type A,1
151,Tenacious Mongoose,2023-05-20 10:30:41-05:00,-74.47955,46.044262,84,Type A,1
152,Clever Lion,2023-05-20 10:30:45-05:00,-74.479171,46.044776,21,Type A,1
153,Wild Tiger,2023-05-20 10:31:52-05:00,-74.4789,46.043405,83,Type A,1
154,Cunning Giraffe,2023-05-20 10:32:22-05:00,-74.478292,46.042097,70,Type A,1
155,Majestic Kangaroo,2023-05-20 10:32:25-05:00,-74.479219,46.042994,77,Type A,1
156,Brave Cheetah,2023-05-20 10:32:38-05:00,-74.479202,46.043077,77,Type B,1
157,Majestic Kangaroo,2023-05-20 10:32:42-05:00,-74.479219,46.042994,77,Type A,1
158,Cunning Giraffe,2023-05-20 10:32:44-05:00,-74.478341,46.042136,70,Type B,1
159,Cunning Giraffe,2023-05-20 10:33:12-05:00,-74.478341,46.042136,70,Type A,1
160,Brave Cheetah,2023-05-20 10:33:34-05:00,-74.479247,46.04311,77,Type A,1
161,Enduring Beaver,2023-05-20 10:33:44-05:00,-74.479191,46.044372,20,Type B,1
162,Majestic Kangaroo,2023-05-20 10:33:52-05:00,-74.479219,46.042994,77,Type A,1
163,Cunning Giraffe,2023-05-20 10:33:59-05:00,-74.478291,46.042103,70,Type A,1
164,Brave Cheetah,2023-05-20 10:34:00-05:00,-74.479247,46.04311,77,Type B,1
165,Cunning Giraffe,2023-05-20 10:34:19-05:00,-74.478291,46.042103,70,Type B,1
166,Enduring Beaver,2023-05-20 10:34:34-05:00,-74.479191,46.044372,20,Type A,1
167,Cunning Giraffe,2023-05-20 10:34:51-05:00,-74.478291,46.042103,70,Type B,1
168,Enduring Beaver,2023-05-20 10:35:00-05:00,-74.479191,46.044372,20,Type B,1
169,Bold Owl,2023-05-20 10:35:11-05:00,-74.477825,46.042657,100,Type B,1
170,Cunning Giraffe,2023-05-20 10:35:35-05:00,-74.478291,46.042103,70,Type B,1
171,Bold Owl,2023-05-20 10:35:49-05:00,-74.477265,46.043366,100,Type A,1
172,Graceful Raccoon,2023-05-20 10:35:54-05:00,-74.479468,46.044279,19,Type A,1
173,Enduring Beaver,2023-05-20 10:36:06-05:00,-74.479233,46.04439,20,Type A,1
174,Cunning Giraffe,2023-05-20 10:36:09-05:00,-74.478327,46.042143,70,Type A,1
175,Graceful Raccoon,2023-05-20 10:36:18-05:00,-74.479468,46.044279,19,Type A,1
176,Clever Lion,2023-05-20 10:36:48-05:00,-74.479009,46.044407,12,Type A,1
177,Enduring Beaver,2023-05-20 10:36:53-05:00,-74.479219,46.044346,20,Type A,1
178,Graceful Raccoon,2023-05-20 10:36:54-05:00,-74.47948,46.044222,19,Type A,1
179,Bold Owl,2023-05-20 10:37:02-05:00,-74.477232,46.043357,100,Type A,1
180,Wandering Antelope,2023-05-20 10:37:14-05:00,-74.478332,46.042676,110,Type B,1
181,Bold Owl,2023-05-20 10:37:36-05:00,-74.477245,46.043333,100,Type A,1
182,Enduring Beaver,2023-05-20 10:37:36-05:00,-74.479219,46.044346,20,Type B,1
183,Graceful Raccoon,2023-05-20 10:37:59-05:00,-74.479479,46.044222,19,Type A,1
184,Tenacious Mongoose,2023-05-20 10:37:59-05:00,-74.478319,46.044155,86,Type B,1
185,Enduring Beaver,2023-05-20 10:38:07-05:00,-74.479219,46.044346,20,Type B,1
186,Clever Lion,2023-05-20 10:38:11-05:00,-74.47896,46.04441,12,Type A,1
187,Wandering Antelope,2023-05-20 10:38:15-05:00,-74.478332,46.042676,110,Type A,1
188,Tenacious Mongoose,2023-05-20 10:38:26-05:00,-74.478319,46.044155,86,Type B,1
189,Enduring Beaver,2023-05-20 10:38:27-05:00,-74.479219,46.044346,20,Type B,1
190,Wandering Antelope,2023-05-20 10:38:29-05:00,-74.478332,46.042676,110,Type A,1
191,Bold Owl,2023-05-20 10:38:29-05:00,-74.477245,46.043333,100,Type A,1
192,Graceful Raccoon,2023-05-20 10:38:43-05:00,-74.487616,46.052327,19,Type A,1
193,Tenacious Mongoose,2023-05-20 10:38:56-05:00,-74.478319,46.044155,86,Type B,1
194,Bold Owl,2023-05-20 10:39:11-05:00,-74.477265,46.043343,100,Type A,1
195,Enduring Beaver,2023-05-20 10:39:13-05:00,-74.479174,46.044378,20,Type B,1
196,Graceful Raccoon,2023-05-20 10:39:44-05:00,-74.479478,46.04427,19,Type A,1
197,Enduring Beaver,2023-05-20 10:39:46-05:00,-74.479174,46.044378,20,Type B,1
198,Clever Lion,2023-05-20 10:39:46-05:00,-74.47896,46.04441,12,Type A,1
199,Gentle Bear,2023-05-20 10:40:13-05:00,-74.479572,46.044284,19,Type A,1
200,Clever Lion,2023-05-20 10:40:20-05:00,-74.478962,46.044407,12,Type A,1
201,Tenacious Mongoose,2023-05-20 10:40:45-05:00,-74.477883,46.044073,91,Type B,1
202,Majestic Kangaroo,2023-05-20 11:11:37-05:00,-74.478467,46.043216,80,Type A,2
203,Energetic Badger,2023-05-20 11:11:41-05:00,-74.479209,46.043584,84,Type A,2
204,Enduring Beaver,2023-05-20 11:11:42-05:00,-74.477093,46.043863,96,Type A,2
205,Majestic Kangaroo,2023-05-20 11:11:56-05:00,-74.478467,46.043216,80,Type A,2
206,Graceful Raccoon,2023-05-20 11:12:01-05:00,-74.478421,46.044292,12,Type A,2
207,Agile Hippopotamus,2023-05-20 11:12:14-05:00,-74.477856,46.045087,8,Type B,2
208,Elusive Fox,2023-05-20 11:12:17-05:00,-74.478472,46.046193,26,Type A,2
209,Tenacious Mongoose,2023-05-20 11:12:19-05:00,-74.479615,46.044289,19,Type A,2
210,Lively Rabbit,2023-05-20 11:12:24-05:00,-74.478415,46.043609,89,Type A,2
211,Agile Hippopotamus,2023-05-20 11:12:32-05:00,-74.477856,46.045087,80,Type B,2
212,Gentle Bear,2023-05-20 11:12:36-05:00,-74.478094,46.043775,107,Type A,2
213,Resourceful Platypus,2023-05-20 11:12:41-05:00,-74.478965,46.046001,25,Type B,2
214,Vigilant Puma,2023-05-20 11:12:52-05:00,-74.479546,46.044198,19,Type A,2
215,Agile Hippopotamus,2023-05-20 11:12:59-05:00,-74.477856,46.045087,8,Type B,2
216,Enduring Beaver,2023-05-20 11:13:00-05:00,-74.477093,46.043863,96,Type A,2
217,Curious Penguin,2023-05-20 11:13:00-05:00,-74.477588,46.045795,1,Type A,2
218,Graceful Raccoon,2023-05-20 11:13:00-05:00,-74.478421,46.044292,12,Type A,2
219,Gentle Bear,2023-05-20 11:13:01-05:00,-74.478128,46.043783,107,Type A,2
220,Resourceful Platypus,2023-05-20 11:13:05-05:00,-74.479086,46.046022,25,Type A,2
221,Brave Cheetah,2023-05-20 11:13:13-05:00,-74.477193,46.042938,104,Type A,2
222,Brave Cheetah,2023-05-20 11:13:18-05:00,-74.477259,46.043341,98,Type A,2
223,Resourceful Platypus,2023-05-20 11:13:21-05:00,-74.479086,46.046022,25,Type A,2
224,Majestic Kangaroo,2023-05-20 11:13:32-05:00,-74.478131,46.043354,91,Type B,2
225,Graceful Raccoon,2023-05-20 11:13:32-05:00,-74.478421,46.044292,12,Type A,2
226,Wandering Antelope,2023-05-20 11:13:32-05:00,-74.478074,46.042402,114,Type A,2
227,Swift Elephant,2023-05-20 11:13:35-05:00,-74.478197,46.045045,9,Type A,2
228,Curious Penguin,2023-05-20 11:13:37-05:00,-74.477524,46.045809,1,Type A,2
229,Wandering Antelope,2023-05-20 11:13:43-05:00,-74.478074,46.042402,113,Type A,2
230,Swift Elephant,2023-05-20 11:13:45-05:00,-74.478164,46.045113,9,Type A,2
231,Agile Hippopotamus,2023-05-20 11:13:47-05:00,-74.477854,46.045078,8,Type B,2
232,Resourceful Platypus,2023-05-20 11:13:53-05:00,-74.479086,46.046022,25,Type A,2
233,Majestic Kangaroo,2023-05-20 11:13:53-05:00,-74.478131,46.043354,91,Type B,2
234,Vigilant Puma,2023-05-20 11:13:54-05:00,-74.479536,46.044253,19,Type A,2
235,Enduring Beaver,2023-05-20 11:13:58-05:00,-74.477093,46.043863,96,Type B,2
236,Wandering Antelope,2023-05-20 11:13:58-05:00,-74.478074,46.042402,113,Type A,2
237,Silent Squirrel,2023-05-20 11:14:02-05:00,-74.47773,46.046086,28,Type A,2
238,Swift Elephant,2023-05-20 11:14:10-05:00,-74.478164,46.045113,9,Type A,2
239,Majestic Kangaroo,2023-05-20 11:14:10-05:00,-74.478131,46.043354,91,Type A,2
240,Brave Cheetah,2023-05-20 11:14:14-05:00,-74.477511,46.043628,98,Type A,2
241,Bold Owl,2023-05-20 11:14:28-05:00,-74.477325,46.04295,104,Type A,2
242,Tenacious Mongoose,2023-05-20 11:14:29-05:00,-74.479615,46.044289,19,Type A,2
243,Enduring Beaver,2023-05-20 11:14:30-05:00,-74.477093,46.043863,96,Type B,2
244,Energetic Badger,2023-05-20 11:14:34-05:00,-74.478988,46.043848,16,Type A,2
245,Fearless Chameleon,2023-05-20 11:14:38-05:00,-74.477121,46.043397,101,Type A,2
246,Resourceful Platypus,2023-05-20 11:14:39-05:00,-74.479024,46.046009,25,Type B,2
247,Vigilant Puma,2023-05-20 11:14:42-05:00,-74.479598,46.044265,19,Type A,2
248,Enduring Beaver,2023-05-20 11:14:43-05:00,-74.477093,46.043863,96,Type A,2
249,Agile Hippopotamus,2023-05-20 11:14:46-05:00,-74.477787,46.045049,8,Type B,2
250,Brave Cheetah,2023-05-20 11:14:47-05:00,-74.477511,46.043628,98,Type A,2
251,Enduring Beaver,2023-05-20 11:15:12-05:00,-74.477093,46.043863,96,Type B,2
252,Resourceful Platypus,2023-05-20 11:15:12-05:00,-74.479024,46.046009,25,Type B,2
253,Silent Squirrel,2023-05-20 11:15:12-05:00,-74.47773,46.046086,28,Type A,2
254,Elusive Fox,2023-05-20 11:15:15-05:00,-74.47845,46.046157,26,Type A,2
255,Agile Hippopotamus,2023-05-20 11:15:24-05:00,-74.477787,46.045049,8,Type B,2
256,Resourceful Platypus,2023-05-20 11:15:25-05:00,-74.479024,46.046009,25,Type A,2
257,Independent Weasel,2023-05-20 11:15:25-05:00,-74.478883,46.042685,75,Type A,2
258,Noble Zebra,2023-05-20 11:15:31-05:00,-74.477064,46.045523,29,Type A,2
259,Tenacious Mongoose,2023-05-20 11:15:33-05:00,-74.479615,46.044289,19,Type B,2
260,Silent Squirrel,2023-05-20 11:15:35-05:00,-74.47773,46.046086,28,Type B,2
261,Fearless Chameleon,2023-05-20 11:15:46-05:00,-74.477065,46.043432,101,Type B,2
262,Bold Owl,2023-05-20 11:15:55-05:00,-74.477223,46.043021,104,Type A,2
263,Independent Weasel,2023-05-20 11:16:02-05:00,-74.478817,46.042691,75,Type A,2
264,Tenacious Mongoose,2023-05-20 11:16:02-05:00,-74.479615,46.044289,19,Type B,2
265,Enduring Beaver,2023-05-20 11:16:02-05:00,-74.477017,46.04392,96,Type B,2
266,Resourceful Platypus,2023-05-20 11:16:11-05:00,-74.47897,46.046016,25,Type B,2
267,Fearless Chameleon,2023-05-20 11:16:12-05:00,-74.477065,46.043432,101,Type A,2
268,Wild Tiger,2023-05-20 11:16:14-05:00,-74.478756,46.043016,78,Type A,2
269,Silent Squirrel,2023-05-20 11:16:16-05:00,-74.47773,46.046086,28,Type B,2
270,Majestic Kangaroo,2023-05-20 11:16:26-05:00,-74.477993,46.043474,108,Type B,2
271,Independent Weasel,2023-05-20 11:16:28-05:00,-74.478817,46.042691,75,Type B,2
272,Silent Squirrel,2023-05-20 11:16:33-05:00,-74.47773,46.046086,28,Type B,2
273,Tenacious Mongoose,2023-05-20 11:16:33-05:00,-74.479615,46.044289,19,Type A,2
274,Resourceful Platypus,2023-05-20 11:16:37-05:00,-74.478942,46.046052,25,Type B,2
275,Majestic Kangaroo,2023-05-20 11:16:48-05:00,-74.477993,46.043474,108,Type A,2
276,Noble Zebra,2023-05-20 11:16:48-05:00,-74.47706,46.045533,29,Type A,2
277,Wild Tiger,2023-05-20 11:16:49-05:00,-74.478756,46.043016,78,Type A,2
278,Resourceful Platypus,2023-05-20 11:16:49-05:00,-74.478942,46.046052,25,Type A,2
279,Independent Weasel,2023-05-20 11:16:50-05:00,-74.478817,46.042691,75,Type A,2
280,Silent Squirrel,2023-05-20 11:16:56-05:00,-74.47773,46.046086,28,Type A,2
281,Resourceful Platypus,2023-05-20 11:17:01-05:00,-74.478942,46.046052,25,Type B,2
282,Vigilant Puma,2023-05-20 11:17:07-05:00,-74.479248,46.044343,20,Type A,2
283,Noble Zebra,2023-05-20 11:17:07-05:00,-74.47706,46.045533,29,Type A,2
284,Bold Owl,2023-05-20 11:17:08-05:00,-74.47722,46.04304,104,Type A,2
285,Brave Cheetah,2023-05-20 11:17:11-05:00,-74.477511,46.043628,98,Type A,2
286,Independent Weasel,2023-05-20 11:17:16-05:00,-74.478796,46.0427,75,Type A,2
287,Silent Squirrel,2023-05-20 11:17:27-05:00,-74.47773,46.046086,28,Type A,2
288,Independent Weasel,2023-05-20 11:17:34-05:00,-74.478796,46.0427,75,Type B,2
289,Resourceful Platypus,2023-05-20 11:17:34-05:00,-74.478942,46.046052,25,Type B,2
290,Tenacious Mongoose,2023-05-20 11:17:45-05:00,-74.47958,46.044256,19,Type A,2
291,Wild Tiger,2023-05-20 11:17:53-05:00,-74.47871,46.042976,78,Type A,2
292,Resourceful Platypus,2023-05-20 11:17:54-05:00,-74.478998,46.046029,25,Type A,2
293,Brave Cheetah,2023-05-20 11:17:58-05:00,-74.477061,46.043837,96,Type A,2
294,Elusive Fox,2023-05-20 11:18:01-05:00,-74.47839,46.04614,26,Type A,2
295,Silent Squirrel,2023-05-20 11:18:01-05:00,-74.47773,46.046086,28,Type A,2
296,Independent Weasel,2023-05-20 11:18:02-05:00,-74.478796,46.0427,75,Type B,2
297,Cunning Giraffe,2023-05-20 11:18:12-05:00,-74.479469,46.042545,74,Type B,2
298,Enduring Beaver,2023-05-20 11:18:16-05:00,-74.477021,46.043759,97,Type A,2
299,Noble Zebra,2023-05-20 11:18:30-05:00,-74.47706,46.045533,29,Type A,2
300,Independent Weasel,2023-05-20 11:18:32-05:00,-74.478793,46.042692,75,Type B,2
301,Wandering Antelope,2023-05-20 11:18:37-05:00,-74.477849,46.042636,106,Type A,2
302,Silent Squirrel,2023-05-20 11:18:42-05:00,-74.47773,46.046086,28,Type A,2
303,Tenacious Mongoose,2023-05-20 11:18:45-05:00,-74.479571,46.044246,19,Type B,2
304,Enduring Beaver,2023-05-20 11:18:47-05:00,-74.477021,46.043759,97,Type B,2
305,Energetic Badger,2023-05-20 11:18:48-05:00,-74.478562,46.043598,89,Type A,2
306,Fearless Chameleon,2023-05-20 11:18:56-05:00,-74.483736,46.032276,100,Type B,2
307,Brave Cheetah,2023-05-20 11:19:01-05:00,-74.477061,46.043837,96,Type A,2
308,Silent Squirrel,2023-05-20 11:19:03-05:00,-74.47773,46.046086,28,Type A,2
309,Wandering Antelope,2023-05-20 11:19:07-05:00,-74.477808,46.042675,106,Type A,2
310,Tenacious Mongoose,2023-05-20 11:19:13-05:00,-74.479571,46.044245,19,Type A,2
311,Noble Zebra,2023-05-20 11:19:14-05:00,-74.47706,46.045533,29,Type A,2
312,Wild Tiger,2023-05-20 11:19:19-05:00,-74.47871,46.042976,78,Type A,2
313,Fearless Chameleon,2023-05-20 11:19:20-05:00,-74.477243,46.043309,100,Type A,2
314,Vigilant Puma,2023-05-20 11:19:28-05:00,-74.479204,46.044379,90,Type A,2
315,Gentle Bear,2023-05-20 11:19:32-05:00,-74.477572,46.043139,99,Type A,2
316,Enduring Beaver,2023-05-20 11:19:37-05:00,-74.477021,46.043759,97,Type A,2
317,Energetic Badger,2023-05-20 11:19:40-05:00,-74.478494,46.043532,89,Type A,2
318,Resourceful Platypus,2023-05-20 11:19:44-05:00,-74.478998,46.046029,25,Type A,2
319,Brave Cheetah,2023-05-20 11:19:46-05:00,-74.477061,46.043837,96,Type A,2
320,Tenacious Mongoose,2023-05-20 11:19:46-05:00,-74.47958,46.04424,19,Type A,2
321,Vigilant Puma,2023-05-20 11:19:48-05:00,-74.479171,46.044338,90,Type A,2
322,Resourceful Platypus,2023-05-20 11:20:03-05:00,-74.478999,46.046027,25,Type B,2
323,Wandering Antelope,2023-05-20 11:20:05-05:00,-74.477866,46.04265,106,Type A,2
324,Cunning Giraffe,2023-05-20 11:20:19-05:00,-74.479409,46.042566,74,Type A,2
325,Gentle Bear,2023-05-20 11:20:22-05:00,-74.477531,46.043132,99,Type A,2
326,Resourceful Platypus,2023-05-20 11:20:28-05:00,-74.478999,46.046027,25,Type A,2
327,Majestic Kangaroo,2023-05-20 11:20:33-05:00,-74.478366,46.042911,79,Type A,2
328,Silent Squirrel,2023-05-20 11:20:44-05:00,-74.477747,46.046045,28,Type A,2
329,Fearless Chameleon,2023-05-20 11:20:48-05:00,-74.477284,46.043267,100,Type B,2
330,Enduring Beaver,2023-05-20 11:20:53-05:00,-74.477021,46.043759,97,Type A,2
331,Brave Cheetah,2023-05-20 11:20:55-05:00,-74.477061,46.043837,96,Type A,2
332,Majestic Kangaroo,2023-05-20 11:20:56-05:00,-74.478629,46.042787,76,Type A,2
333,Gentle Bear,2023-05-20 11:21:01-05:00,-74.477588,46.043135,99,Type A,2
334,Majestic Kangaroo,2023-05-20 11:21:08-05:00,-74.478366,46.042911,79,Type A,2
335,Independent Weasel,2023-05-20 11:21:11-05:00,-74.478629,46.042787,75,Type A,2
336,Cunning Giraffe,2023-05-20 11:21:19-05:00,-74.479382,46.042517,74,Type A,2
337,Enduring Beaver,2023-05-20 11:21:23-05:00,-74.477021,46.043759,97,Type A,2
338,Resilient Otter,2023-05-20 11:21:26-05:00,-74.478265,46.045935,27,Type A,2
339,Bold Owl,2023-05-20 11:21:36-05:00,-74.476765,46.043423,102,Type A,2
340,Gentle Bear,2023-05-20 11:21:39-05:00,-74.477641,46.043163,99,Type A,2
341,Tenacious Mongoose,2023-05-20 11:21:42-05:00,-74.479578,46.04424,19,Type A,2
342,Cunning Giraffe,2023-05-20 11:21:43-05:00,-74.479382,46.042517,74,Type A,2
343,Independent Weasel,2023-05-20 11:21:43-05:00,-74.478629,46.042787,76,Type A,2
344,Brave Cheetah,2023-05-20 11:21:44-05:00,-74.477061,46.043837,96,Type A,2
345,Swift Elephant,2023-05-20 11:21:50-05:00,-74.47774,46.044993,8,Type A,2
346,Wild Tiger,2023-05-20 11:21:51-05:00,-74.478649,46.042891,78,Type A,2
347,Energetic Badger,2023-05-20 11:21:55-05:00,-74.478305,46.043463,90,Type A,2
348,Enduring Beaver,2023-05-20 11:22:00-05:00,-74.477021,46.043759,97,Type B,2
349,Brave Cheetah,2023-05-20 11:22:09-05:00,-74.477061,46.043837,96,Type A,2
350,Cunning Giraffe,2023-05-20 11:22:17-05:00,-74.479382,46.042517,74,Type B,2
351,Independent Weasel,2023-05-20 11:22:18-05:00,-74.478573,46.042813,76,Type A,2
352,Swift Elephant,2023-05-20 11:22:26-05:00,-74.477816,46.045039,8,Type A,2
353,Tenacious Mongoose,2023-05-20 11:22:28-05:00,-74.479583,46.04425,19,Type A,2
354,Independent Weasel,2023-05-20 11:22:39-05:00,-74.478636,46.042798,76,Type A,2
355,Majestic Kangaroo,2023-05-20 11:22:50-05:00,-74.478732,46.043052,78,Type A,2
356,Fearless Chameleon,2023-05-20 11:22:51-05:00,-74.477254,46.043094,104,Type A,2
357,Cunning Giraffe,2023-05-20 11:22:53-05:00,-74.47946,46.042504,74,Type B,2
358,Resilient Otter,2023-05-20 11:22:54-05:00,-74.478233,46.045897,27,Type A,2
359,Tenacious Mongoose,2023-05-20 11:23:00-05:00,-74.479583,46.04425,19,Type A,2
360,Independent Weasel,2023-05-20 11:23:14-05:00,-74.478619,46.042803,76,Type A,2
361,Enduring Beaver,2023-05-20 11:23:14-05:00,-74.477021,46.043759,97,Type A,2
362,Majestic Kangaroo,2023-05-20 11:23:17-05:00,-74.478732,46.043052,78,Type B,2
363,Cunning Giraffe,2023-05-20 11:23:17-05:00,-74.479465,46.042448,74,Type B,2
364,Bold Owl,2023-05-20 11:23:20-05:00,-74.476733,46.043354,102,Type A,2
365,Resilient Otter,2023-05-20 11:23:33-05:00,-74.478246,46.045942,27,Type A,2
366,Fearless Chameleon,2023-05-20 11:23:37-05:00,-74.477259,46.043048,104,Type B,2
367,Cunning Giraffe,2023-05-20 11:23:51-05:00,-74.479557,46.0425,74,Type A,2
368,Independent Weasel,2023-05-20 11:23:56-05:00,-74.478551,46.042799,76,Type B,2
369,Resilient Otter,2023-05-20 11:23:58-05:00,-74.478234,46.045894,27,Type A,2
370,Energetic Badger,2023-05-20 11:24:05-05:00,-74.478126,46.04331,91,Type A,2
371,Fearless Chameleon,2023-05-20 11:24:05-05:00,-74.477328,46.043003,104,Type A,2
372,Enduring Beaver,2023-05-20 11:24:11-05:00,-74.477021,46.043759,97,Type B,2
373,Cunning Giraffe,2023-05-20 11:24:13-05:00,-74.479482,46.042504,74,Type A,2
374,Gentle Bear,2023-05-20 11:24:17-05:00,-74.477621,46.043183,99,Type A,2
375,Majestic Kangaroo,2023-05-20 11:24:21-05:00,-74.478732,46.043052,78,Type A,2
376,Independent Weasel,2023-05-20 11:24:22-05:00,-74.478551,46.042799,76,Type B,2
377,Cunning Giraffe,2023-05-20 11:24:31-05:00,-74.479482,46.042504,74,Type A,2
378,Wild Tiger,2023-05-20 11:24:34-05:00,-74.478916,46.042644,75,Type A,2
379,Tenacious Mongoose,2023-05-20 11:24:36-05:00,-74.479576,46.044273,19,Type A,2
380,Independent Weasel,2023-05-20 11:24:42-05:00,-74.478509,46.042836,76,Type A,2
381,Enduring Beaver,2023-05-20 11:24:42-05:00,-74.477021,46.043759,97,Type B,2
382,Curious Penguin,2023-05-20 11:24:44-05:00,-74.477142,46.045573,29,Type A,2
383,Tenacious Mongoose,2023-05-20 11:24:53-05:00,-74.479576,46.044273,19,Type A,2
384,Swift Elephant,2023-05-20 11:24:56-05:00,-74.477816,46.045039,8,Type A,2
385,Majestic Kangaroo,2023-05-20 11:25:02-05:00,-74.478732,46.043052,78,Type B,2
386,Cunning Giraffe,2023-05-20 11:25:02-05:00,-74.479451,46.042545,74,Type A,2
387,Wild Tiger,2023-05-20 11:25:05-05:00,-74.478857,46.042664,75,Type A,2
388,Majestic Kangaroo,2023-05-20 11:25:07-05:00,-74.478509,46.042836,76,Type A,2
389,Energetic Badger,2023-05-20 11:25:16-05:00,-74.478254,46.043241,92,Type A,2
390,Elusive Fox,2023-05-20 11:25:18-05:00,-74.478178,46.04594,27,Type A,2
391,Noble Zebra,2023-05-20 11:25:32-05:00,-74.477098,46.045528,29,Type A,2
392,Enduring Beaver,2023-05-20 11:25:40-05:00,-74.477021,46.043759,97,Type B,2
393,Wild Tiger,2023-05-20 11:25:41-05:00,-74.478857,46.042664,75,Type A,2
394,Energetic Badger,2023-05-20 11:25:46-05:00,-74.478291,46.043195,92,Type A,2
395,Majestic Kangaroo,2023-05-20 11:25:46-05:00,-74.478732,46.043052,78,Type A,2
396,Noble Zebra,2023-05-20 11:25:50-05:00,-74.47753,46.045782,1,Type A,2
397,Silent Squirrel,2023-05-20 11:26:01-05:00,-74.478454,46.046195,26,Type A,2
398,Wandering Antelope,2023-05-20 11:26:04-05:00,-74.477283,46.043359,100,Type A,2
399,Wandering Antelope,2023-05-20 11:26:21-05:00,-74.477283,46.043359,100,Type A,2
400,Curious Penguin,2023-05-20 11:26:22-05:00,-74.477082,46.045556,29,Type A,2
401,Elusive Fox,2023-05-20 11:26:24-05:00,-74.478288,46.045885,27,Type A,2
402,Enduring Beaver,2023-05-20 11:26:26-05:00,-74.477021,46.043759,97,Type B,2
403,Tenacious Mongoose,2023-05-20 11:26:47-05:00,-74.479585,46.044272,19,Type A,2
404,Silent Squirrel,2023-05-20 11:26:55-05:00,-74.478454,46.046195,28,Type B,2
405,Gentle Bear,2023-05-20 11:27:03-05:00,-74.477603,46.043176,99,Type A,2
406,Resourceful Platypus,2023-05-20 11:27:13-05:00,-74.479377,46.045559,3,Type A,2
407,Tenacious Mongoose,2023-05-20 11:27:19-05:00,-74.479577,46.044274,19,Type A,2
408,Majestic Kangaroo,2023-05-20 11:27:21-05:00,-74.478602,46.042784,76,Type B,2
409,Elusive Fox,2023-05-20 11:27:24-05:00,-74.478288,46.045885,27,Type A,2
410,Bold Owl,2023-05-20 11:27:30-05:00,-74.476757,46.043355,101,Type A,2
411,Silent Squirrel,2023-05-20 11:27:30-05:00,-74.478454,46.046195,28,Type A,2
412,Enduring Beaver,2023-05-20 11:27:34-05:00,-74.477021,46.043759,97,Type A,2
413,Silent Squirrel,2023-05-20 11:27:49-05:00,-74.478454,46.046195,28,Type B,2
414,Majestic Kangaroo,2023-05-20 11:28:06-05:00,-74.478602,46.042784,76,Type B,2
415,Fearless Chameleon,2023-05-20 11:28:08-05:00,-74.477615,46.042902,105,Type B,2
416,Resilient Otter,2023-05-20 11:28:11-05:00,-74.47889,46.04583,4,Type A,2
417,Tenacious Mongoose,2023-05-20 11:28:16-05:00,-74.479582,46.044278,19,Type A,2
418,Majestic Kangaroo,2023-05-20 11:28:24-05:00,-74.478602,46.042784,76,Type B,2
419,Cunning Giraffe,2023-05-20 11:28:29-05:00,-74.479115,46.042028,71,Type B,2
420,Resilient Otter,2023-05-20 11:28:34-05:00,-74.478903,46.04578,4,Type A,2
421,Resourceful Platypus,2023-05-20 11:28:41-05:00,-74.479244,46.045549,3,Type B,2
422,Resourceful Platypus,2023-05-20 11:28:41-05:00,-74.479244,46.045549,3,Type B,2
423,Tenacious Mongoose,2023-05-20 11:28:42-05:00,-74.479582,46.044278,19,Type A,2
424,Fearless Chameleon,2023-05-20 11:28:58-05:00,-74.477643,46.04286,105,Type A,2
425,Cunning Giraffe,2023-05-20 11:28:59-05:00,-74.479072,46.042037,71,Type B,2
426,Majestic Kangaroo,2023-05-20 11:29:01-05:00,-74.47867,46.042776,76,Type B,2
427,Silent Squirrel,2023-05-20 11:29:03-05:00,-74.478456,46.046194,28,Type B,2
428,Vigilant Puma,2023-05-20 11:29:03-05:00,-74.479317,46.043957,18,Type A,2
429,Resourceful Platypus,2023-05-20 11:29:12-05:00,-74.479277,46.045549,3,Type B,2
430,Resilient Otter,2023-05-20 11:29:14-05:00,-74.478903,46.04578,4,Type A,2
431,Independent Weasel,2023-05-20 11:29:19-05:00,-74.478333,46.042717,110,Type B,2
432,Bold Owl,2023-05-20 11:29:25-05:00,-74.476912,46.043475,101,Type A,2
433,Wandering Antelope,2023-05-20 11:29:27-05:00,-74.476804,46.043307,102,Type A,2
434,Energetic Badger,2023-05-20 11:29:40-05:00,-74.478721,46.043218,81,Type A,2
435,Tenacious Mongoose,2023-05-20 11:29:46-05:00,-74.479576,46.044276,19,Type A,2
436,Fearless Chameleon,2023-05-20 11:29:47-05:00,-74.477643,46.04286,105,Type A,2
437,Cunning Giraffe,2023-05-20 11:29:49-05:00,-74.479051,46.042084,71,Type B,2
438,Majestic Kangaroo,2023-05-20 11:29:54-05:00,-74.47867,46.042776,76,Type A,2
439,Bold Owl,2023-05-20 11:29:57-05:00,-74.476923,46.043557,101,Type A,2
440,Energetic Badger,2023-05-20 11:30:01-05:00,-74.478721,46.043218,81,Type A,2
441,Silent Squirrel,2023-05-20 11:30:03-05:00,-74.478456,46.046194,28,Type B,2
442,Independent Weasel,2023-05-20 11:30:07-05:00,-74.478264,46.042698,110,Type A,2
443,Resourceful Platypus,2023-05-20 11:30:10-05:00,-74.479217,46.045499,3,Type A,2
444,Wandering Antelope,2023-05-20 11:30:20-05:00,-74.476804,46.043307,102,Type A,2
445,Fearless Chameleon,2023-05-20 11:30:21-05:00,-74.477643,46.04286,105,Type A,2
446,Resourceful Platypus,2023-05-20 11:30:31-05:00,-74.47922,46.045502,3,Type B,2
447,Independent Weasel,2023-05-20 11:30:41-05:00,-74.478264,46.042698,110,Type A,2
448,Fearless Chameleon,2023-05-20 11:30:43-05:00,-74.477643,46.04286,105,Type A,2
449,Vigilant Puma,2023-05-20 11:30:44-05:00,-74.479317,46.043957,18,Type A,2
450,Cunning Giraffe,2023-05-20 11:30:46-05:00,-74.479118,46.042097,71,Type B,2
451,Bold Owl,2023-05-20 11:30:48-05:00,-74.47688,46.043441,101,Type A,2
452,Silent Squirrel,2023-05-20 11:30:58-05:00,-74.478456,46.046194,28,Type A,2
453,Vigilant Puma,2023-05-20 11:30:58-05:00,-74.479317,46.043957,18,Type A,2
454,Majestic Kangaroo,2023-05-20 11:31:03-05:00,-74.478647,46.04281,76,Type A,2
455,Wandering Antelope,2023-05-20 11:31:09-05:00,-74.476804,46.043307,102,Type A,2
456,Cunning Giraffe,2023-05-20 11:31:11-05:00,-74.479103,46.042053,71,Type B,2
457,Resourceful Platypus,2023-05-20 11:31:30-05:00,-74.47922,46.045502,3,Type B,2
458,Fearless Chameleon,2023-05-20 11:31:55-05:00,-74.477645,46.042853,105,Type A,2
459,Cunning Giraffe,2023-05-20 11:31:57-05:00,-74.479177,46.042077,71,Type B,2
460,Independent Weasel,2023-05-20 11:32:12-05:00,-74.478192,46.042712,110,Type B,2
461,Bold Owl,2023-05-20 11:32:14-05:00,-74.476898,46.043442,100,Type A,2
462,Resilient Otter,2023-05-20 11:32:21-05:00,-74.478838,46.045802,4,Type A,2
463,Cunning Giraffe,2023-05-20 11:32:24-05:00,-74.47912,46.042103,71,Type B,2
464,Independent Weasel,2023-05-20 11:32:29-05:00,-74.478246,46.04274,110,Type A,2
465,Swift Elephant,2023-05-20 11:32:48-05:00,-74.477115,46.045585,29,Type A,2
466,Wandering Antelope,2023-05-20 11:32:51-05:00,-74.476991,46.043423,101,Type A,2
467,Resourceful Platypus,2023-05-20 11:33:05-05:00,-74.479509,46.045296,22,Type A,2
468,Energetic Badger,2023-05-20 11:33:09-05:00,-74.478659,46.043088,78,Type A,2
469,Cunning Giraffe,2023-05-20 11:33:19-05:00,-74.479069,46.04206,71,Type A,2
470,Elusive Fox,2023-05-20 11:33:32-05:00,-74.478287,46.04589,27,Type A,2
471,Energetic Badger,2023-05-20 11:33:35-05:00,-74.478759,46.043046,78,Type A,2
472,Independent Weasel,2023-05-20 11:33:48-05:00,-74.478325,46.042771,110,Type B,2
473,Bold Owl,2023-05-20 11:33:51-05:00,-74.477195,46.043355,100,Type A,2
474,Cunning Giraffe,2023-05-20 11:33:53-05:00,-74.479094,46.042106,71,Type B,2
475,Swift Elephant,2023-05-20 11:34:07-05:00,-74.477115,46.045585,29,Type A,2
476,Cunning Giraffe,2023-05-20 11:34:13-05:00,-74.479094,46.042106,71,Type A,2
477,Noble Zebra,2023-05-20 11:34:14-05:00,-74.478451,46.046208,26,Type A,2
478,Independent Weasel,2023-05-20 11:34:19-05:00,-74.47825,46.042745,110,Type B,2
479,Cunning Giraffe,2023-05-20 11:34:38-05:00,-74.479094,46.042106,71,Type A,2
480,Independent Weasel,2023-05-20 11:34:55-05:00,-74.478271,46.042791,110,Type B,2
481,Majestic Kangaroo,2023-05-20 11:35:01-05:00,-74.478904,46.043435,83,Type B,2
482,Elusive Fox,2023-05-20 11:35:13-05:00,-74.47829,46.045913,27,Type A,2
483,Cunning Giraffe,2023-05-20 11:35:21-05:00,-74.479126,46.04215,71,Type A,2
484,Independent Weasel,2023-05-20 11:35:27-05:00,-74.478274,46.0428,110,Type A,2
485,Majestic Kangaroo,2023-05-20 11:35:34-05:00,-74.478868,46.043397,83,Type B,2
486,Wandering Antelope,2023-05-20 11:35:48-05:00,-74.476991,46.043423,101,Type A,2
487,Energetic Badger,2023-05-20 11:35:51-05:00,-74.478623,46.042812,76,Type A,2
488,Noble Zebra,2023-05-20 11:35:52-05:00,-74.478441,46.046204,26,Type A,2
489,Majestic Kangaroo,2023-05-20 11:36:18-05:00,-74.478868,46.043397,83,Type A,2
490,Vigilant Puma,2023-05-20 11:37:11-05:00,-74.479176,46.044041,17,Type A,2
491,Vigilant Puma,2023-05-20 11:37:34-05:00,-74.479135,46.044083,17,Type A,2
492,Noble Zebra,2023-05-20 11:37:47-05:00,-74.478444,46.046204,26,Type A,2
493,Vigilant Puma,2023-05-20 11:38:30-05:00,-74.479135,46.044083,17,Type A,2
494,Resourceful Platypus,2023-05-20 11:38:57-05:00,-74.4788,46.044785,11,Type A,2
495,Resourceful Platypus,2023-05-20 11:39:07-05:00,-74.478659,46.044723,11,Type A,2
496,Silent Squirrel,2023-05-20 11:39:17-05:00,-74.478258,46.045957,27,Type A,2
497,Silent Squirrel,2023-05-20 11:39:29-05:00,-74.478258,46.045957,27,Type B,2
498,Elusive Fox,2023-05-20 11:39:38-05:00,-74.478846,46.04583,4,Type A,2
499,Silent Squirrel,2023-05-20 11:39:56-05:00,-74.478258,46.045957,27,Type A,2
500,Silent Squirrel,2023-05-20 11:40:35-05:00,-74.478258,46.045957,27,Type A,2
501,Tenacious Mongoose,2023-05-20 11:40:42-05:00,-74.479198,46.044387,20,Type A,2
502,Vigilant Puma,2023-05-20 11:41:02-05:00,-74.479093,46.043928,16,Type A,2
503,Swift Elephant,2023-05-20 11:41:25-05:00,-74.477576,46.045805,1,Type A,2
504,Swift Elephant,2023-05-20 11:41:44-05:00,-74.477576,46.045805,1,Type A,2
505,Noble Zebra,2023-05-20 11:41:57-05:00,-74.47828,46.045941,27,Type A,2
506,Energetic Badger,2023-05-20 11:42:31-05:00,-74.478839,46.042649,75,Type A,2
507,Vigilant Puma,2023-05-20 11:42:37-05:00,-74.479093,46.043928,16,Type A,2
508,Majestic Kangaroo,2023-05-20 11:42:39-05:00,-74.479523,46.042509,74,Type B,2
509,Noble Zebra,2023-05-20 11:42:44-05:00,-74.47828,46.045941,27,Type A,2
510,Tenacious Mongoose,2023-05-20 11:42:50-05:00,-74.479198,46.044387,20,Type A,2
511,Energetic Badger,2023-05-20 11:42:55-05:00,-74.478839,46.042649,75,Type A,2
512,Tenacious Mongoose,2023-05-20 11:43:06-05:00,-74.479252,46.044394,20,Type B,2
513,Majestic Kangaroo,2023-05-20 13:00:28-05:00,-74.478392,46.044838,10,Type A,3
514,Loyal Crocodile,2023-05-20 13:00:38-05:00,-74.478878,46.044109,19,Type A,3
515,Daring Koala,2023-05-20 13:00:39-05:00,-74.478634,46.042434,72,Type B,3
516,Curious Penguin,2023-05-20 13:00:50-05:00,-74.479279,46.04234,73,Type A,3
517,Resourceful Platypus,2023-05-20 13:00:52-05:00,-74.478709,46.044703,75,Type A,3
518,Clever Lion,2023-05-20 13:00:54-05:00,-74.478553,46.043087,78,Type A,3
519,Lively Rabbit,2023-05-20 13:00:56-05:00,-74.478645,46.044613,11,Type A,3
520,Silent Squirrel,2023-05-20 13:00:59-05:00,-74.477555,46.04582,1,Type A,3
521,Energetic Badger,2023-05-20 13:01:04-05:00,-74.478473,46.043601,89,Type A,3
522,Wise Leopard,2023-05-20 13:01:08-05:00,-74.477115,46.043728,97,Type A,3
523,Enduring Beaver,2023-05-20 13:01:15-05:00,-74.479319,46.043681,84,Type B,3
524,Wise Leopard,2023-05-20 13:01:17-05:00,-74.477115,46.043728,97,Type B,3
525,Brave Cheetah,2023-05-20 13:01:17-05:00,-74.477565,46.043532,3,Type A,3
526,Silent Squirrel,2023-05-20 13:01:19-05:00,-74.477555,46.04582,1,Type A,3
527,Loyal Crocodile,2023-05-20 13:01:23-05:00,-74.479545,46.0443,19,Type B,3
528,Graceful Raccoon,2023-05-20 13:01:25-05:00,-74.478156,46.043347,16,Type B,3
529,Majestic Kangaroo,2023-05-20 13:01:29-05:00,-74.478365,46.04488,10,Type A,3
530,Lively Rabbit,2023-05-20 13:01:43-05:00,-74.478637,46.044764,11,Type B,3
531,Enduring Beaver,2023-05-20 13:01:50-05:00,-74.479329,46.043637,84,Type A,3
532,Lively Rabbit,2023-05-20 13:01:52-05:00,-74.478637,46.044764,11,Type A,3
533,Playful Dolphin,2023-05-20 13:01:55-05:00,-74.477282,46.043357,100,Type A,3
534,Brave Cheetah,2023-05-20 13:01:56-05:00,-74.479182,46.045569,3,Type A,3
535,Loyal Crocodile,2023-05-20 13:01:58-05:00,-74.479557,46.044309,19,Type A,3
536,Graceful Raccoon,2023-05-20 13:02:09-05:00,-74.478126,46.043346,91,Type B,3
537,Bold Owl,2023-05-20 13:02:11-05:00,-74.477118,46.043959,96,Type A,3
538,Majestic Kangaroo,2023-05-20 13:02:26-05:00,-74.478365,46.04488,10,Type A,3
539,Gentle Bear,2023-05-20 13:02:26-05:00,-74.478234,46.044152,86,Type B,3
540,Enduring Beaver,2023-05-20 13:02:27-05:00,-74.479293,46.043586,84,Type A,3
541,Wise Leopard,2023-05-20 13:02:30-05:00,-74.477064,46.043762,97,Type A,3
542,Cunning Giraffe,2023-05-20 13:02:36-05:00,-74.478314,46.043488,90,Type B,3
543,Resourceful Platypus,2023-05-20 13:02:38-05:00,-74.478666,46.042533,75,Type A,3
544,Loyal Crocodile,2023-05-20 13:02:38-05:00,-74.479537,46.044264,19,Type B,3
545,Graceful Raccoon,2023-05-20 13:02:45-05:00,-74.478139,46.043345,91,Type A,3
546,Brave Cheetah,2023-05-20 13:02:47-05:00,-74.479231,46.045536,3,Type A,3
547,Vigilant Puma,2023-05-20 13:02:51-05:00,-74.479041,46.043585,85,Type B,3
548,Loyal Crocodile,2023-05-20 13:02:54-05:00,-74.479537,46.044264,19,Type B,3
549,Gentle Bear,2023-05-20 13:02:56-05:00,-74.478234,46.044156,86,Type B,3
550,Enduring Beaver,2023-05-20 13:03:04-05:00,-74.479293,46.043586,84,Type A,3
551,Cunning Giraffe,2023-05-20 13:03:08-05:00,-74.478267,46.043456,90,Type A,3
552,Silent Squirrel,2023-05-20 13:03:10-05:00,-74.477744,46.046063,28,Type A,3
553,Fierce Porcupine,2023-05-20 13:03:11-05:00,-74.478445,46.043604,89,Type A,3
554,Majestic Kangaroo,2023-05-20 13:03:18-05:00,-74.478408,46.044878,10,Type A,3
555,Playful Dolphin,2023-05-20 13:03:19-05:00,-74.477274,46.04329,100,Type A,3
556,Loyal Crocodile,2023-05-20 13:03:27-05:00,-74.479664,46.044222,19,Type A,3
557,Gentle Bear,2023-05-20 13:03:28-05:00,-74.478234,46.044156,86,Type B,3
558,Cunning Giraffe,2023-05-20 13:03:32-05:00,-74.478334,46.043489,90,Type A,3
559,Lively Rabbit,2023-05-20 13:03:39-05:00,-74.478689,46.044722,11,Type B,3
560,Noble Zebra,2023-05-20 13:03:39-05:00,-74.478532,46.042595,14,Type B,3
561,Enduring Beaver,2023-05-20 13:03:45-05:00,-74.479293,46.043586,84,Type B,3
562,Brave Cheetah,2023-05-20 13:03:52-05:00,-74.479222,46.045635,3,Type A,3
563,Majestic Kangaroo,2023-05-20 13:03:55-05:00,-74.478408,46.044878,10,Type A,3
564,Clever Lion,2023-05-20 13:04:00-05:00,-74.478568,46.043095,78,Type A,3
565,Cunning Giraffe,2023-05-20 13:04:02-05:00,-74.478263,46.043473,90,Type B,3
566,Gentle Bear,2023-05-20 13:04:17-05:00,-74.478216,46.044147,86,Type B,3
567,Wild Tiger,2023-05-20 13:04:19-05:00,-74.479295,46.044056,100,Type A,3
568,Curious Penguin,2023-05-20 13:04:21-05:00,-74.479226,46.042962,77,Type A,3
569,Majestic Kangaroo,2023-05-20 13:04:21-05:00,-74.478408,46.044878,10,Type A,3
570,Wise Leopard,2023-05-20 13:04:27-05:00,-74.477166,46.043817,97,Type A,3
571,Brave Cheetah,2023-05-20 13:04:32-05:00,-74.479222,46.045635,3,Type A,3
572,Agile Hippopotamus,2023-05-20 13:04:36-05:00,-74.478171,46.042232,114,Type A,3
573,Swift Elephant,2023-05-20 13:04:36-05:00,-74.47824,46.042039,114,Type B,3
574,Vigilant Puma,2023-05-20 13:04:39-05:00,-74.479101,46.043566,85,Type A,3
575,Enduring Beaver,2023-05-20 13:04:40-05:00,-74.479293,46.043586,84,Type A,3
576,Curious Penguin,2023-05-20 13:04:41-05:00,-74.479194,46.043002,77,Type A,3
577,Gentle Bear,2023-05-20 13:04:43-05:00,-74.478216,46.044147,86,Type B,3
578,Lively Rabbit,2023-05-20 13:04:44-05:00,-74.478662,46.04468,11,Type B,3
579,Silent Squirrel,2023-05-20 13:04:53-05:00,-74.477718,46.046041,28,Type A,3
580,Vigilant Puma,2023-05-20 13:04:56-05:00,-74.479101,46.043566,85,Type A,3
581,Playful Dolphin,2023-05-20 13:04:56-05:00,-74.477297,46.043336,100,Type A,3
582,Silent Squirrel,2023-05-20 13:05:06-05:00,-74.477718,46.046041,28,Type B,3
583,Clever Lion,2023-05-20 13:05:14-05:00,-74.478629,46.043059,78,Type A,3
584,Wise Leopard,2023-05-20 13:05:17-05:00,-74.477105,46.043767,97,Type A,3
585,Wise Leopard,2023-05-20 13:05:27-05:00,-74.477041,46.043772,97,Type B,3
586,Gentle Bear,2023-05-20 13:05:32-05:00,-74.478214,46.044139,86,Type B,3
587,Curious Penguin,2023-05-20 13:05:46-05:00,-74.479175,46.043022,77,Type A,3
588,Wild Tiger,2023-05-20 13:06:00-05:00,-74.479301,46.044001,100,Type A,3
589,Silent Squirrel,2023-05-20 13:06:09-05:00,-74.477665,46.046038,28,Type B,3
590,Lively Rabbit,2023-05-20 13:06:10-05:00,-74.478366,46.044862,10,Type A,3
591,Enduring Beaver,2023-05-20 13:06:12-05:00,-74.479293,46.043586,84,Type A,3
592,Playful Dolphin,2023-05-20 13:06:17-05:00,-74.477297,46.043336,100,Type A,3
593,Wild Tiger,2023-05-20 13:06:22-05:00,-74.479319,46.043956,100,Type A,3
594,Silent Squirrel,2023-05-20 13:06:28-05:00,-74.477757,46.046058,28,Type B,3
595,Lively Rabbit,2023-05-20 13:06:32-05:00,-74.478345,46.044905,10,Type B,3
596,Wild Tiger,2023-05-20 13:06:41-05:00,-74.479336,46.043912,100,Type A,3
597,Swift Elephant,2023-05-20 13:06:45-05:00,-74.478315,46.042033,114,Type B,3
598,Gentle Bear,2023-05-20 13:06:47-05:00,-74.47823,46.044128,86,Type B,3
599,Noble Zebra,2023-05-20 13:06:51-05:00,-74.478301,46.042762,110,Type B,3
600,Silent Squirrel,2023-05-20 13:06:56-05:00,-74.477748,46.046047,28,Type A,3
601,Gentle Bear,2023-05-20 13:07:05-05:00,-74.47823,46.044128,86,Type A,3
602,Swift Elephant,2023-05-20 13:07:14-05:00,-74.478315,46.042033,114,Type B,3
603,Lively Rabbit,2023-05-20 13:07:20-05:00,-74.478345,46.044905,10,Type B,3
604,Swift Elephant,2023-05-20 13:07:28-05:00,-74.478315,46.042033,114,Type B,3
605,Silent Squirrel,2023-05-20 13:07:34-05:00,-74.477733,46.046103,28,Type A,3
606,Noble Zebra,2023-05-20 13:07:37-05:00,-74.478305,46.042758,110,Type A,3
607,Lively Rabbit,2023-05-20 13:07:49-05:00,-74.478287,46.044862,10,Type B,3
608,Cunning Giraffe,2023-05-20 13:07:56-05:00,-74.478128,46.043391,91,Type B,3
609,Swift Elephant,2023-05-20 13:07:59-05:00,-74.478315,46.042033,114,Type B,3
610,Noble Zebra,2023-05-20 13:08:02-05:00,-74.478306,46.042757,110,Type A,3
611,Silent Squirrel,2023-05-20 13:08:05-05:00,-74.477757,46.04604,28,Type A,3
612,Gentle Bear,2023-05-20 13:08:16-05:00,-74.478326,46.044218,86,Type B,3
613,Majestic Kangaroo,2023-05-20 13:08:18-05:00,-74.477812,46.045035,8,Type A,3
614,Swift Elephant,2023-05-20 13:08:20-05:00,-74.478315,46.042033,114,Type A,3
615,Lively Rabbit,2023-05-20 13:08:36-05:00,-74.478287,46.044862,10,Type A,3
616,Brave Cheetah,2023-05-20 13:08:42-05:00,-74.479275,46.045547,3,Type A,3
617,Majestic Kangaroo,2023-05-20 13:08:46-05:00,-74.477812,46.045035,8,Type A,3
618,Wild Tiger,2023-05-20 13:08:46-05:00,-74.479106,46.044073,100,Type A,3
619,Loyal Crocodile,2023-05-20 13:08:54-05:00,-74.479204,46.044253,20,Type B,3
620,Wild Tiger,2023-05-20 13:09:09-05:00,-74.479106,46.044073,100,Type A,3
621,Lively Rabbit,2023-05-20 13:09:12-05:00,-74.478406,46.044913,10,Type A,3
622,Silent Squirrel,2023-05-20 13:09:15-05:00,-74.477767,46.046107,28,Type A,3
623,Brave Cheetah,2023-05-20 13:09:24-05:00,-74.479275,46.045547,3,Type A,3
624,Playful Dolphin,2023-05-20 13:09:26-05:00,-74.47725,46.043376,100,Type A,3
625,Noble Zebra,2023-05-20 13:09:30-05:00,-74.47833,46.042715,110,Type B,3
626,Silent Squirrel,2023-05-20 13:09:43-05:00,-74.477753,46.046051,28,Type A,3
627,Noble Zebra,2023-05-20 13:09:45-05:00,-74.47833,46.042715,110,Type A,3
628,Wild Tiger,2023-05-20 13:09:48-05:00,-74.479193,46.044146,100,Type A,3
629,Loyal Crocodile,2023-05-20 13:10:04-05:00,-74.479267,46.044349,20,Type A,3
630,Majestic Kangaroo,2023-05-20 13:10:14-05:00,-74.477801,46.045042,8,Type A,3
631,Noble Zebra,2023-05-20 13:10:32-05:00,-74.478336,46.042716,110,Type B,3
632,Loyal Crocodile,2023-05-20 13:10:50-05:00,-74.479222,46.044287,20,Type B,3
633,Enduring Beaver,2023-05-20 13:10:54-05:00,-74.479065,46.043576,85,Type A,3
634,Noble Zebra,2023-05-20 13:11:01-05:00,-74.478336,46.042716,110,Type B,3
635,Playful Dolphin,2023-05-20 13:11:15-05:00,-74.477297,46.043331,100,Type A,3
636,Bold Owl,2023-05-20 13:11:19-05:00,-74.476515,46.044017,97,Type A,3
637,Enduring Beaver,2023-05-20 13:11:27-05:00,-74.478982,46.043579,85,Type A,3
638,Resourceful Platypus,2023-05-20 13:11:28-05:00,-74.478734,46.042673,84,Type A,3
639,Silent Squirrel,2023-05-20 13:11:28-05:00,-74.477765,46.046055,28,Type A,3
640,Noble Zebra,2023-05-20 13:11:31-05:00,-74.478336,46.042716,110,Type B,3
641,Majestic Kangaroo,2023-05-20 13:11:42-05:00,-74.477793,46.045033,8,Type A,3
642,Swift Elephant,2023-05-20 13:11:47-05:00,-74.47808,46.042415,113,Type A,3
643,Lively Rabbit,2023-05-20 13:11:52-05:00,-74.479014,46.043614,85,Type B,3
644,Noble Zebra,2023-05-20 13:11:54-05:00,-74.478337,46.042717,110,Type A,3
645,Swift Elephant,2023-05-20 13:12:08-05:00,-74.47808,46.042415,113,Type A,3
646,Noble Zebra,2023-05-20 13:12:14-05:00,-74.478339,46.042718,110,Type B,3
647,Resourceful Platypus,2023-05-20 13:12:14-05:00,-74.479257,46.043667,84,Type A,3
648,Enduring Beaver,2023-05-20 13:12:28-05:00,-74.479045,46.043753,85,Type A,3
649,Swift Elephant,2023-05-20 13:12:32-05:00,-74.47808,46.042415,113,Type A,3
650,Majestic Kangaroo,2023-05-20 13:12:35-05:00,-74.477793,46.045033,8,Type A,3
651,Silent Squirrel,2023-05-20 13:12:46-05:00,-74.477778,46.046096,28,Type B,3
652,Swift Elephant,2023-05-20 13:12:54-05:00,-74.47808,46.042415,113,Type B,3
653,Noble Zebra,2023-05-20 13:12:56-05:00,-74.478365,46.042817,110,Type B,3
654,Enduring Beaver,2023-05-20 13:13:08-05:00,-74.479057,46.043676,85,Type A,3
655,Enduring Beaver,2023-05-20 13:13:30-05:00,-74.479024,46.043623,85,Type A,3
656,Noble Zebra,2023-05-20 13:13:39-05:00,-74.478362,46.042817,110,Type A,3
657,Noble Zebra,2023-05-20 13:14:01-05:00,-74.478361,46.042816,110,Type B,3
658,Playful Dolphin,2023-05-20 13:14:09-05:00,-74.477294,46.043322,100,Type A,3
659,Swift Elephant,2023-05-20 13:14:10-05:00,-74.478365,46.04222,70,Type B,3
660,Swift Elephant,2023-05-20 13:14:35-05:00,-74.478365,46.04222,70,Type B,3
661,Swift Elephant,2023-05-20 13:14:54-05:00,-74.478291,46.042177,70,Type A,3
662,Noble Zebra,2023-05-20 13:15:01-05:00,-74.478363,46.042811,110,Type A,3
663,Swift Elephant,2023-05-20 13:15:14-05:00,-74.478291,46.042177,70,Type B,3
664,Noble Zebra,2023-05-20 13:15:24-05:00,-74.478363,46.042811,110,Type B,3
665,Swift Elephant,2023-05-20 13:15:27-05:00,-74.478291,46.042177,70,Type B,3
666,Majestic Kangaroo,2023-05-20 13:15:37-05:00,-74.477788,46.04504,8,Type A,3
667,Noble Zebra,2023-05-20 13:15:45-05:00,-74.478363,46.042811,110,Type B,3
668,Swift Elephant,2023-05-20 13:15:47-05:00,-74.478291,46.042177,70,Type B,3
669,Curious Penguin,2023-05-20 13:16:07-05:00,-74.478873,46.042727,75,Type A,3
670,Brave Cheetah,2023-05-20 13:16:18-05:00,-74.479146,46.045251,22,Type A,3
671,Curious Penguin,2023-05-20 13:16:24-05:00,-74.478834,46.042692,75,Type A,3
672,Swift Elephant,2023-05-20 13:17:08-05:00,-74.478347,46.042212,70,Type B,3
673,Brave Cheetah,2023-05-20 13:17:16-05:00,-74.47912,46.0453,22,Type A,3
674,Swift Elephant,2023-05-20 13:17:32-05:00,-74.478338,46.042163,70,Type B,3
675,Noble Zebra,2023-05-20 13:17:47-05:00,-74.478529,46.042606,14,Type B,3
676,Playful Dolphin,2023-05-20 13:17:54-05:00,-74.477252,46.043073,104,Type A,3
677,Noble Zebra,2023-05-20 13:18:39-05:00,-74.478542,46.042604,14,Type B,3
678,Brave Cheetah,2023-05-20 13:18:40-05:00,-74.47912,46.0453,22,Type A,3
679,Noble Zebra,2023-05-20 13:19:03-05:00,-74.478543,46.042603,14,Type B,3
680,Playful Dolphin,2023-05-20 13:19:07-05:00,-74.477275,46.043027,104,Type A,3
681,Swift Elephant,2023-05-20 13:19:14-05:00,-74.47828,46.042155,70,Type A,3
682,Noble Zebra,2023-05-20 13:19:26-05:00,-74.478543,46.042603,14,Type A,3
683,Swift Elephant,2023-05-20 13:19:31-05:00,-74.47828,46.042155,70,Type B,3
684,Playful Dolphin,2023-05-20 13:19:37-05:00,-74.477275,46.043027,104,Type A,3
685,Noble Zebra,2023-05-20 13:19:47-05:00,-74.478548,46.04258,14,Type A,3
686,Swift Elephant,2023-05-20 13:19:54-05:00,-74.47828,46.042155,70,Type A,3
687,Loyal Crocodile,2023-05-20 13:20:47-05:00,-74.479158,46.044066,17,Type B,3
688,Swift Elephant,2023-05-20 13:21:49-05:00,-74.478154,46.042408,113,Type B,3
689,Loyal Crocodile,2023-05-20 13:21:57-05:00,-74.479226,46.044105,17,Type A,3
690,Energetic Badger,2023-05-20 13:22:38-05:00,-74.479066,46.043881,16,Type A,3
691,Loyal Crocodile,2023-05-20 13:22:59-05:00,-74.47909,46.044161,17,Type A,3
692,Energetic Badger,2023-05-20 13:23:30-05:00,-74.479065,46.04388,16,Type A,3
693,Energetic Badger,2023-05-20 13:23:58-05:00,-74.479079,46.04383,16,Type A,3
694,Energetic Badger,2023-05-20 13:25:16-05:00,-74.479012,46.04385,16,Type A,3
695,Energetic Badger,2023-05-20 13:26:02-05:00,-74.479066,46.043822,16,Type A,3
696,Loyal Crocodile,2023-05-20 13:27:59-05:00,-74.479332,46.044,18,Type B,3
697,Loyal Crocodile,2023-05-20 13:28:17-05:00,-74.479314,46.044005,18,Type A,3
698,Loyal Crocodile,2023-05-20 13:28:52-05:00,-74.479337,46.043996,18,Type A,3
699,Brave Cheetah,2023-05-20 13:28:58-05:00,-74.479246,46.044858,21,Type A,3
700,Brave Cheetah,2023-05-20 13:29:35-05:00,-74.479245,46.044811,21,Type A,3
701,Loyal Crocodile,2023-05-20 13:29:57-05:00,-74.479296,46.044001,18,Type A,3
702,Brave Cheetah,2023-05-20 13:30:48-05:00,-74.479298,46.044915,21,Type A,3
703,Elusive Fox,2023-05-20 13:52:08-05:00,-74.479151,46.042084,71,Type B,4
704,Curious Penguin,2023-05-20 13:52:13-05:00,-74.478732,46.043059,78,Type B,4
705,Resourceful Platypus,2023-05-20 13:52:14-05:00,-74.479185,46.043453,75,Type A,4
706,Cunning Giraffe,2023-05-20 13:52:27-05:00,-74.478089,46.043717,107,Type A,4
707,Majestic Kangaroo,2023-05-20 13:52:29-05:00,-74.47804,46.045151,6,Type A,4
708,Loyal Crocodile,2023-05-20 13:52:34-05:00,-74.478657,46.044672,11,Type A,4
709,Silent Squirrel,2023-05-20 13:52:44-05:00,-74.477645,46.045214,7,Type A,4
710,Noble Zebra,2023-05-20 13:52:44-05:00,-74.47846,46.04322,80,Type A,4
711,Elusive Fox,2023-05-20 13:52:45-05:00,-74.479167,46.04208,71,Type B,4
712,Graceful Raccoon,2023-05-20 13:52:46-05:00,-74.478758,46.043891,14,Type B,4
713,Cunning Giraffe,2023-05-20 13:52:46-05:00,-74.478089,46.043717,107,Type A,4
714,Resourceful Platypus,2023-05-20 13:52:50-05:00,-74.478808,46.042734,75,Type A,4
715,Swift Elephant,2023-05-20 13:52:53-05:00,-74.479317,46.043722,84,Type A,4
716,Clever Lion,2023-05-20 13:53:02-05:00,-74.479752,46.045797,24,Type A,4
717,Majestic Kangaroo,2023-05-20 13:53:10-05:00,-74.47804,46.045151,6,Type B,4
718,Cunning Giraffe,2023-05-20 13:53:18-05:00,-74.478089,46.043717,107,Type B,4
719,Swift Elephant,2023-05-20 13:53:20-05:00,-74.479304,46.043614,84,Type A,4
720,Curious Penguin,2023-05-20 13:53:23-05:00,-74.478732,46.043059,78,Type A,4
721,Loyal Crocodile,2023-05-20 13:53:25-05:00,-74.478667,46.044695,11,Type A,4
722,Fierce Porcupine,2023-05-20 13:53:34-05:00,-74.479039,46.045265,22,Type A,4
723,Noble Zebra,2023-05-20 13:53:37-05:00,-74.478466,46.043208,80,Type A,4
724,Bold Owl,2023-05-20 13:53:41-05:00,-74.478908,46.043265,81,Type A,4
725,Cunning Giraffe,2023-05-20 13:53:49-05:00,-74.478112,46.043761,107,Type A,4
726,Majestic Kangaroo,2023-05-20 13:53:54-05:00,-74.47804,46.045151,6,Type A,4
727,Curious Penguin,2023-05-20 13:53:55-05:00,-74.478732,46.043059,78,Type B,4
728,Graceful Raccoon,2023-05-20 13:54:05-05:00,-74.478754,46.043773,14,Type A,4
729,Noble Zebra,2023-05-20 13:54:06-05:00,-74.478465,46.043205,80,Type B,4
730,Wise Leopard,2023-05-20 13:54:07-05:00,-74.479143,46.044359,20,Type A,4
731,Clever Lion,2023-05-20 13:54:08-05:00,-74.479786,46.045795,24,Type A,4
732,Elusive Fox,2023-05-20 13:54:28-05:00,-74.479145,46.042167,71,Type B,4
733,Curious Penguin,2023-05-20 13:54:43-05:00,-74.478732,46.043059,78,Type A,4
734,Noble Zebra,2023-05-20 13:54:46-05:00,-74.47846,46.043202,80,Type A,4
735,Wise Leopard,2023-05-20 13:54:51-05:00,-74.479168,46.044402,20,Type B,4
736,Agile Hippopotamus,2023-05-20 13:54:57-05:00,-74.479208,46.042763,77,Type B,4
737,Curious Penguin,2023-05-20 13:55:00-05:00,-74.478732,46.043059,78,Type A,4
738,Resilient Otter,2023-05-20 13:55:01-05:00,-74.478295,46.04201,114,Type A,4
739,Resourceful Platypus,2023-05-20 13:55:01-05:00,-74.478809,46.04274,76,Type A,4
740,Elusive Fox,2023-05-20 13:55:11-05:00,-74.47913,46.042077,71,Type B,4
741,Noble Zebra,2023-05-20 13:55:15-05:00,-74.478459,46.043202,80,Type A,4
742,Curious Penguin,2023-05-20 13:55:16-05:00,-74.478742,46.043009,78,Type A,4
743,Majestic Kangaroo,2023-05-20 13:55:16-05:00,-74.47838,46.04487,10,Type B,4
744,Clever Lion,2023-05-20 13:55:17-05:00,-74.479682,46.045785,24,Type A,4
745,Loyal Crocodile,2023-05-20 13:55:19-05:00,-74.478587,46.044694,11,Type A,4
746,Resourceful Platypus,2023-05-20 13:55:25-05:00,-74.478616,46.042858,76,Type A,4
747,Wise Leopard,2023-05-20 13:55:27-05:00,-74.479168,46.044402,20,Type B,4
748,Curious Penguin,2023-05-20 13:55:33-05:00,-74.478742,46.043009,78,Type B,4
749,Elusive Fox,2023-05-20 13:55:38-05:00,-74.479113,46.042083,71,Type B,4
750,Noble Zebra,2023-05-20 13:55:42-05:00,-74.478457,46.043202,80,Type B,4
751,Lively Rabbit,2023-05-20 13:55:43-05:00,-74.478251,46.042028,114,Type B,4
752,Fierce Porcupine,2023-05-20 13:55:59-05:00,-74.479116,46.045219,22,Type A,4
753,Majestic Kangaroo,2023-05-20 13:56:00-05:00,-74.47838,46.04487,10,Type A,4
754,Agile Hippopotamus,2023-05-20 13:56:02-05:00,-74.479264,46.043069,77,Type A,4
755,Resilient Otter,2023-05-20 13:56:04-05:00,-74.478249,46.042009,114,Type B,4
756,Resourceful Platypus,2023-05-20 13:56:06-05:00,-74.478618,46.042856,76,Type A,4
757,Cunning Giraffe,2023-05-20 13:56:06-05:00,-74.477289,46.043959,95,Type B,4
758,Curious Penguin,2023-05-20 13:56:10-05:00,-74.478742,46.043009,78,Type A,4
759,Swift Elephant,2023-05-20 13:56:11-05:00,-74.479285,46.043708,84,Type A,4
760,Majestic Kangaroo,2023-05-20 13:56:25-05:00,-74.47838,46.04487,10,Type A,4
761,Curious Penguin,2023-05-20 13:56:32-05:00,-74.478742,46.043009,78,Type A,4
762,Wise Leopard,2023-05-20 13:56:36-05:00,-74.479189,46.044366,20,Type A,4
763,Elusive Fox,2023-05-20 13:56:39-05:00,-74.479178,46.042092,71,Type B,4
764,Noble Zebra,2023-05-20 13:56:40-05:00,-74.478455,46.043201,80,Type A,4
765,Enduring Beaver,2023-05-20 13:56:49-05:00,-74.477287,46.043336,100,Type B,4
766,Clever Lion,2023-05-20 13:56:56-05:00,-74.479763,46.045595,24,Type A,4
767,Graceful Raccoon,2023-05-20 13:56:56-05:00,-74.479083,46.043915,16,Type B,4
768,Swift Elephant,2023-05-20 13:57:00-05:00,-74.479285,46.043708,84,Type A,4
769,Resourceful Platypus,2023-05-20 13:57:04-05:00,-74.478625,46.04284,76,Type A,4
770,Wise Leopard,2023-05-20 13:57:04-05:00,-74.479189,46.044366,20,Type A,4
771,Curious Penguin,2023-05-20 13:57:05-05:00,-74.478742,46.043009,78,Type B,4
772,Cunning Giraffe,2023-05-20 13:57:05-05:00,-74.477275,46.043915,95,Type B,4
773,Majestic Kangaroo,2023-05-20 13:57:08-05:00,-74.47838,46.04487,10,Type A,4
774,Elusive Fox,2023-05-20 13:57:14-05:00,-74.479155,46.042113,71,Type B,4
775,Enduring Beaver,2023-05-20 13:57:19-05:00,-74.477287,46.043336,100,Type A,4
776,Wise Leopard,2023-05-20 13:57:23-05:00,-74.479189,46.044366,20,Type B,4
777,Graceful Raccoon,2023-05-20 13:57:30-05:00,-74.479083,46.043915,16,Type A,4
778,Curious Penguin,2023-05-20 13:57:31-05:00,-74.478742,46.043009,78,Type B,4
779,Elusive Fox,2023-05-20 13:57:42-05:00,-74.479155,46.042113,71,Type A,4
780,Noble Zebra,2023-05-20 13:57:43-05:00,-74.478452,46.043203,80,Type B,4
781,Cunning Giraffe,2023-05-20 13:57:44-05:00,-74.477275,46.043915,95,Type A,4
782,Swift Elephant,2023-05-20 13:57:44-05:00,-74.4793,46.043647,84,Type A,4
783,Graceful Raccoon,2023-05-20 13:57:55-05:00,-74.479083,46.043915,16,Type A,4
784,Gentle Bear,2023-05-20 13:57:55-05:00,-74.47917,46.04524,22,Type A,4
785,Curious Penguin,2023-05-20 13:57:57-05:00,-74.478742,46.043009,78,Type B,4
786,Bold Owl,2023-05-20 13:57:59-05:00,-74.478775,46.043263,14,Type A,4
787,Resourceful Platypus,2023-05-20 13:58:03-05:00,-74.478637,46.042831,76,Type A,4
788,Enduring Beaver,2023-05-20 13:58:04-05:00,-74.477287,46.043336,100,Type A,4
789,Majestic Kangaroo,2023-05-20 13:58:07-05:00,-74.47838,46.04487,10,Type A,4
790,Elusive Fox,2023-05-20 13:58:22-05:00,-74.479084,46.042067,71,Type B,4
791,Playful Dolphin,2023-05-20 13:58:26-05:00,-74.476964,46.043337,101,Type A,4
792,Brave Cheetah,2023-05-20 13:58:28-05:00,-74.479293,46.044832,21,Type A,4
793,Curious Penguin,2023-05-20 13:58:31-05:00,-74.478742,46.043009,78,Type A,4
794,Agile Hippopotamus,2023-05-20 13:58:36-05:00,-74.479226,46.042998,92,Type B,4
795,Majestic Kangaroo,2023-05-20 13:58:38-05:00,-74.47838,46.04487,10,Type B,4
796,Wise Leopard,2023-05-20 13:58:42-05:00,-74.479127,46.044391,20,Type A,4
797,Cunning Giraffe,2023-05-20 13:58:45-05:00,-74.47726,46.043959,95,Type B,4
798,Enduring Beaver,2023-05-20 13:58:45-05:00,-74.477241,46.04337,100,Type A,4
799,Curious Penguin,2023-05-20 13:58:55-05:00,-74.478776,46.043039,78,Type B,4
800,Elusive Fox,2023-05-20 13:58:59-05:00,-74.479127,46.042135,71,Type A,4
801,Swift Elephant,2023-05-20 13:59:00-05:00,-74.4793,46.043647,84,Type A,4
802,Resilient Otter,2023-05-20 13:59:03-05:00,-74.478253,46.042188,70,Type A,4
803,Bold Owl,2023-05-20 13:59:08-05:00,-74.478555,46.04267,14,Type A,4
804,Noble Zebra,2023-05-20 13:59:09-05:00,-74.47845,46.043205,80,Type B,4
805,Wise Leopard,2023-05-20 13:59:12-05:00,-74.479172,46.04434,20,Type A,4
806,Majestic Kangaroo,2023-05-20 13:59:13-05:00,-74.47838,46.04487,10,Type A,4
807,Graceful Raccoon,2023-05-20 13:59:14-05:00,-74.479054,46.043897,16,Type B,4
808,Vigilant Puma,2023-05-20 13:59:14-05:00,-74.479527,46.044221,19,Type A,4
809,Fierce Porcupine,2023-05-20 13:59:17-05:00,-74.479203,46.045471,3,Type A,4
810,Elusive Fox,2023-05-20 13:59:26-05:00,-74.479117,46.042176,71,Type A,4
811,Swift Elephant,2023-05-20 13:59:28-05:00,-74.4793,46.043647,84,Type A,4
812,Agile Hippopotamus,2023-05-20 13:59:29-05:00,-74.47825,46.043212,92,Type B,4
813,Curious Penguin,2023-05-20 13:59:35-05:00,-74.478776,46.043039,78,Type A,4
814,Resilient Otter,2023-05-20 13:59:37-05:00,-74.478316,46.042172,70,Type A,4
815,Fierce Porcupine,2023-05-20 13:59:49-05:00,-74.479225,46.04552,3,Type A,4
816,Bold Owl,2023-05-20 13:59:49-05:00,-74.47853,46.042624,14,Type A,4
817,Noble Zebra,2023-05-20 13:59:53-05:00,-74.478434,46.043208,80,Type A,4
818,Fierce Porcupine,2023-05-20 14:00:02-05:00,-74.47917,46.045492,3,Type B,4
819,Agile Hippopotamus,2023-05-20 14:00:03-05:00,-74.478132,46.043203,92,Type A,4
820,Noble Zebra,2023-05-20 14:00:08-05:00,-74.478434,46.043208,80,Type A,4
821,Graceful Raccoon,2023-05-20 14:00:09-05:00,-74.479059,46.043881,16,Type A,4
822,Loyal Crocodile,2023-05-20 14:00:17-05:00,-74.478657,46.044733,11,Type A,4
823,Cunning Giraffe,2023-05-20 14:00:26-05:00,-74.47726,46.043959,95,Type B,4
824,Gentle Bear,2023-05-20 14:00:26-05:00,-74.479088,46.045231,22,Type A,4
825,Swift Elephant,2023-05-20 14:00:28-05:00,-74.47931,46.043608,84,Type A,4
826,Resilient Otter,2023-05-20 14:00:30-05:00,-74.478365,46.042174,70,Type B,4
827,Noble Zebra,2023-05-20 14:00:30-05:00,-74.478434,46.043208,80,Type A,4
828,Vigilant Puma,2023-05-20 14:00:33-05:00,-74.479533,46.044267,19,Type A,4
829,Agile Hippopotamus,2023-05-20 14:00:37-05:00,-74.478132,46.043203,92,Type A,4
830,Curious Penguin,2023-05-20 14:00:43-05:00,-74.478776,46.043039,78,Type B,4
831,Resilient Otter,2023-05-20 14:00:45-05:00,-74.478365,46.042174,70,Type B,4
832,Cunning Giraffe,2023-05-20 14:00:47-05:00,-74.47726,46.043959,95,Type B,4
833,Wise Leopard,2023-05-20 14:00:54-05:00,-74.479177,46.044387,20,Type B,4
834,Elusive Fox,2023-05-20 14:01:08-05:00,-74.479117,46.04212,71,Type A,4
835,Noble Zebra,2023-05-20 14:01:10-05:00,-74.478434,46.043207,80,Type B,4
836,Noble Zebra,2023-05-20 14:01:28-05:00,-74.478434,46.043206,80,Type A,4
837,Vigilant Puma,2023-05-20 14:01:28-05:00,-74.479583,46.044304,14,Type A,4
838,Wise Leopard,2023-05-20 14:01:32-05:00,-74.479177,46.044387,20,Type B,4
839,Agile Hippopotamus,2023-05-20 14:01:34-05:00,-74.478132,46.043203,92,Type B,4
840,Cunning Giraffe,2023-05-20 14:01:36-05:00,-74.47726,46.043959,95,Type B,4
841,Majestic Kangaroo,2023-05-20 14:01:38-05:00,-74.477792,46.045048,8,Type B,4
842,Bold Owl,2023-05-20 14:01:38-05:00,-74.478508,46.042532,14,Type A,4
843,Curious Penguin,2023-05-20 14:01:42-05:00,-74.478776,46.043039,78,Type B,4
844,Agile Hippopotamus,2023-05-20 14:01:46-05:00,-74.478246,46.043242,92,Type A,4
845,Graceful Raccoon,2023-05-20 14:01:50-05:00,-74.479059,46.043881,16,Type A,4
846,Enduring Beaver,2023-05-20 14:01:52-05:00,-74.477275,46.043099,104,Type A,4
847,Curious Penguin,2023-05-20 14:01:54-05:00,-74.478776,46.043039,78,Type B,4
848,Resilient Otter,2023-05-20 14:02:00-05:00,-74.478125,46.042281,113,Type A,4
849,Wise Leopard,2023-05-20 14:02:01-05:00,-74.479177,46.044387,20,Type B,4
850,Curious Penguin,2023-05-20 14:02:08-05:00,-74.478776,46.043039,78,Type A,4
851,Majestic Kangaroo,2023-05-20 14:02:10-05:00,-74.477792,46.045048,8,Type B,4
852,Agile Hippopotamus,2023-05-20 14:02:11-05:00,-74.478246,46.043242,92,Type A,4
853,Resourceful Platypus,2023-05-20 14:02:11-05:00,-74.478572,46.042931,75,Type A,4
854,Resourceful Platypus,2023-05-20 14:02:25-05:00,-74.478796,46.042624,75,Type A,4
855,Vigilant Puma,2023-05-20 14:02:25-05:00,-74.479583,46.044304,19,Type A,4
856,Wise Leopard,2023-05-20 14:02:29-05:00,-74.479177,46.044387,20,Type A,4
857,Majestic Kangaroo,2023-05-20 14:02:32-05:00,-74.477792,46.045048,8,Type B,4
858,Graceful Raccoon,2023-05-20 14:02:33-05:00,-74.479059,46.043881,16,Type A,4
859,Cunning Giraffe,2023-05-20 14:02:33-05:00,-74.47726,46.043959,95,Type B,4
860,Gentle Bear,2023-05-20 14:02:46-05:00,-74.47909,46.045235,22,Type A,4
861,Loyal Crocodile,2023-05-20 14:02:49-05:00,-74.478657,46.044652,11,Type A,4
862,Cunning Giraffe,2023-05-20 14:02:56-05:00,-74.478226,46.043345,92,Type B,4
863,Cunning Giraffe,2023-05-20 14:03:07-05:00,-74.47726,46.043959,95,Type A,4
864,Vigilant Puma,2023-05-20 14:03:09-05:00,-74.479583,46.044304,19,Type A,4
865,Majestic Kangaroo,2023-05-20 14:03:18-05:00,-74.477792,46.045048,8,Type B,4
866,Wise Leopard,2023-05-20 14:03:18-05:00,-74.479177,46.044387,20,Type A,4
867,Graceful Raccoon,2023-05-20 14:03:28-05:00,-74.479041,46.043878,16,Type B,4
868,Agile Hippopotamus,2023-05-20 14:03:37-05:00,-74.478174,46.043287,92,Type A,4
869,Majestic Kangaroo,2023-05-20 14:03:43-05:00,-74.477792,46.045048,8,Type B,4
870,Agile Hippopotamus,2023-05-20 14:04:09-05:00,-74.478174,46.043287,92,Type B,4
871,Cunning Giraffe,2023-05-20 14:04:17-05:00,-74.47726,46.043959,95,Type A,4
872,Gentle Bear,2023-05-20 14:04:22-05:00,-74.479098,46.045222,22,Type A,4
873,Majestic Kangaroo,2023-05-20 14:04:33-05:00,-74.477792,46.045048,8,Type B,4
874,Agile Hippopotamus,2023-05-20 14:04:38-05:00,-74.478174,46.043287,92,Type A,4
875,Graceful Raccoon,2023-05-20 14:04:42-05:00,-74.479025,46.043946,16,Type B,4
876,Cunning Giraffe,2023-05-20 14:04:59-05:00,-74.477315,46.043914,95,Type A,4
877,Agile Hippopotamus,2023-05-20 14:05:00-05:00,-74.478125,46.043267,92,Type A,4
878,Graceful Raccoon,2023-05-20 14:05:17-05:00,-74.479025,46.043946,16,Type B,4
879,Bold Owl,2023-05-20 14:05:33-05:00,-74.479333,46.04217,72,Type A,4
880,Majestic Kangaroo,2023-05-20 14:05:52-05:00,-74.477796,46.045066,8,Type B,4
881,Agile Hippopotamus,2023-05-20 14:06:14-05:00,-74.478125,46.043267,92,Type A,4
882,Majestic Kangaroo,2023-05-20 14:06:19-05:00,-74.477796,46.045066,8,Type A,4
883,Swift Elephant,2023-05-20 14:06:26-05:00,-74.479223,46.04307,77,Type A,4
884,Agile Hippopotamus,2023-05-20 14:06:37-05:00,-74.478062,46.04318,92,Type B,4
885,Swift Elephant,2023-05-20 14:06:40-05:00,-74.479223,46.04307,77,Type A,4
886,Bold Owl,2023-05-20 14:06:59-05:00,-74.478522,46.042487,72,Type A,4
887,Agile Hippopotamus,2023-05-20 14:07:16-05:00,-74.478076,46.043172,92,Type A,4
888,Agile Hippopotamus,2023-05-20 14:07:30-05:00,-74.478076,46.043172,92,Type A,4
889,Wise Leopard,2023-05-20 14:07:42-05:00,-74.479111,46.044313,20,Type A,4
890,Brave Cheetah,2023-05-20 14:07:46-05:00,-74.479252,46.044296,20,Type A,4
891,Resourceful Platypus,2023-05-20 14:07:49-05:00,-74.47887,46.042609,75,Type A,4
892,Agile Hippopotamus,2023-05-20 14:08:01-05:00,-74.478076,46.043172,92,Type B,4
893,Agile Hippopotamus,2023-05-20 14:08:16-05:00,-74.478076,46.043172,92,Type A,4
894,Curious Penguin,2023-05-20 14:08:23-05:00,-74.478176,46.043025,109,Type B,4
895,Noble Zebra,2023-05-20 14:08:32-05:00,-74.47838,46.042939,79,Type A,4
896,Enduring Beaver,2023-05-20 14:08:47-05:00,-74.477102,46.04386,96,Type A,4
897,Agile Hippopotamus,2023-05-20 14:09:01-05:00,-74.47816,46.043241,92,Type A,4
898,Gentle Bear,2023-05-20 14:09:07-05:00,-74.479247,46.045485,3,Type A,4
899,Noble Zebra,2023-05-20 14:09:09-05:00,-74.478385,46.042935,79,Type A,4
900,Gentle Bear,2023-05-20 14:09:22-05:00,-74.479307,46.045465,3,Type A,4
901,Curious Penguin,2023-05-20 14:09:37-05:00,-74.478176,46.043025,109,Type A,4
902,Gentle Bear,2023-05-20 14:09:50-05:00,-74.479307,46.045465,3,Type A,4
903,Noble Zebra,2023-05-20 14:09:51-05:00,-74.478385,46.042936,79,Type B,4
904,Curious Penguin,2023-05-20 14:10:03-05:00,-74.478176,46.043025,109,Type A,4
905,Graceful Raccoon,2023-05-20 14:10:20-05:00,-74.481378,46.027367,17,Type B,4
906,Noble Zebra,2023-05-20 14:10:22-05:00,-74.478385,46.042936,79,Type A,4
907,Curious Penguin,2023-05-20 14:10:46-05:00,-74.478126,46.042996,109,Type A,4
908,Noble Zebra,2023-05-20 14:10:53-05:00,-74.478386,46.042936,79,Type A,4
909,Graceful Raccoon,2023-05-20 14:11:10-05:00,-74.479191,46.04408,17,Type A,4
910,Curious Penguin,2023-05-20 14:11:19-05:00,-74.478126,46.042996,109,Type A,4
911,Noble Zebra,2023-05-20 14:11:25-05:00,-74.478392,46.042935,79,Type A,4
912,Swift Elephant,2023-05-20 14:11:34-05:00,-74.479225,46.043033,77,Type A,4
913,Agile Hippopotamus,2023-05-20 14:11:51-05:00,-74.478457,46.043543,89,Type A,4
914,Curious Penguin,2023-05-20 14:11:55-05:00,-74.478147,46.042997,109,Type A,4
915,Fierce Porcupine,2023-05-20 14:12:00-05:00,-74.479179,46.045542,3,Type B,4
916,Brave Cheetah,2023-05-20 14:12:02-05:00,-74.479155,46.044333,20,Type A,4
917,Graceful Raccoon,2023-05-20 14:12:14-05:00,-74.479223,46.044118,17,Type A,4
918,Agile Hippopotamus,2023-05-20 14:12:25-05:00,-74.478457,46.043543,89,Type A,4
919,Curious Penguin,2023-05-20 14:12:30-05:00,-74.478147,46.042997,109,Type B,4
920,Brave Cheetah,2023-05-20 14:12:40-05:00,-74.479155,46.044333,20,Type A,4
921,Swift Elephant,2023-05-20 14:12:47-05:00,-74.479225,46.043033,77,Type A,4
922,Agile Hippopotamus,2023-05-20 14:12:54-05:00,-74.478457,46.043543,89,Type B,4
923,Fierce Porcupine,2023-05-20 14:12:54-05:00,-74.479243,46.045529,3,Type A,4
924,Resourceful Platypus,2023-05-20 14:12:57-05:00,-74.479238,46.042448,73,Type A,4
925,Swift Elephant,2023-05-20 14:13:07-05:00,-74.479225,46.043033,77,Type A,4
926,Fierce Porcupine,2023-05-20 14:13:24-05:00,-74.479183,46.045551,3,Type A,4
927,Gentle Bear,2023-05-20 14:13:32-05:00,-74.479171,46.045473,3,Type A,4
928,Agile Hippopotamus,2023-05-20 14:13:33-05:00,-74.478401,46.043586,89,Type B,4
929,Swift Elephant,2023-05-20 14:14:00-05:00,-74.479225,46.043033,77,Type A,4
930,Agile Hippopotamus,2023-05-20 14:14:02-05:00,-74.478418,46.04363,89,Type A,4
931,Agile Hippopotamus,2023-05-20 14:14:37-05:00,-74.478418,46.04363,89,Type A,4
932,Resourceful Platypus,2023-05-20 14:14:50-05:00,-74.478929,46.042279,73,Type A,4
933,Agile Hippopotamus,2023-05-20 14:15:08-05:00,-74.478418,46.04363,89,Type B,4
934,Fierce Porcupine,2023-05-20 14:15:46-05:00,-74.479194,46.045509,3,Type A,4
935,Agile Hippopotamus,2023-05-20 14:16:01-05:00,-74.478418,46.04363,89,Type B,4
936,Fierce Porcupine,2023-05-20 14:16:08-05:00,-74.479158,46.045471,3,Type B,4
937,Brave Cheetah,2023-05-20 14:16:11-05:00,-74.479192,46.044373,20,Type A,4
938,Vigilant Puma,2023-05-20 14:16:32-05:00,-74.479046,46.046101,25,Type A,4
939,Agile Hippopotamus,2023-05-20 14:16:34-05:00,-74.478371,46.043714,89,Type B,4
940,Agile Hippopotamus,2023-05-20 14:17:11-05:00,-74.478371,46.043714,89,Type A,4
941,Agile Hippopotamus,2023-05-20 14:17:28-05:00,-74.478371,46.043714,89,Type A,4
942,Curious Penguin,2023-05-20 14:17:46-05:00,-74.478555,46.04283,76,Type B,4
943,Agile Hippopotamus,2023-05-20 14:17:52-05:00,-74.478371,46.043714,89,Type A,4
944,Agile Hippopotamus,2023-05-20 14:18:35-05:00,-74.478493,46.043622,89,Type A,4
945,Vigilant Puma,2023-05-20 14:18:57-05:00,-74.478967,46.046045,25,Type A,4
946,Bold Owl,2023-05-20 14:19:06-05:00,-74.477327,46.042995,104,Type A,4
947,Swift Elephant,2023-05-20 14:19:35-05:00,-74.479572,46.042405,74,Type A,4
948,Wise Leopard,2023-05-20 14:19:43-05:00,-74.479569,46.04425,19,Type A,4
949,Swift Elephant,2023-05-20 14:20:02-05:00,-74.479549,46.042469,74,Type A,4
950,Vigilant Puma,2023-05-20 14:20:03-05:00,-74.479031,46.046024,25,Type A,4
951,Bold Owl,2023-05-20 14:20:05-05:00,-74.477403,46.042946,104,Type A,4
952,Graceful Raccoon,2023-05-20 14:20:17-05:00,-74.478493,46.044264,12,Type A,4
953,Wise Leopard,2023-05-20 14:20:26-05:00,-74.479613,46.044295,19,Type B,4
954,Curious Penguin,2023-05-20 14:20:34-05:00,-74.478597,46.042648,14,Type A,4
955,Wise Leopard,2023-05-20 14:20:45-05:00,-74.479613,46.044295,19,Type A,4
956,Swift Elephant,2023-05-20 14:20:45-05:00,-74.479555,46.042497,74,Type A,4
957,Swift Elephant,2023-05-20 14:21:04-05:00,-74.479555,46.042497,74,Type A,4
958,Curious Penguin,2023-05-20 14:21:13-05:00,-74.478552,46.042613,14,Type B,4
959,Wise Leopard,2023-05-20 14:21:15-05:00,-74.479613,46.044295,19,Type B,4
960,Bold Owl,2023-05-20 14:21:23-05:00,-74.477297,46.04292,104,Type A,4
961,Wise Leopard,2023-05-20 14:21:26-05:00,-74.479613,46.044295,19,Type B,4
962,Graceful Raccoon,2023-05-20 14:21:27-05:00,-74.478538,46.044298,12,Type B,4
963,Wise Leopard,2023-05-20 14:21:58-05:00,-74.479613,46.044295,19,Type A,4
964,Curious Penguin,2023-05-20 14:22:05-05:00,-74.478552,46.042613,14,Type A,4
965,Curious Penguin,2023-05-20 14:22:24-05:00,-74.478491,46.042597,14,Type B,4
966,Enduring Beaver,2023-05-20 14:42:51-05:00,-74.479168,46.044103,17,Type A,5
967,Brave Cheetah,2023-05-20 14:42:51-05:00,-74.479265,46.044863,21,Type B,5
968,Fierce Porcupine,2023-05-20 14:43:00-05:00,-74.478287,46.044208,12,Type B,5
969,Elusive Fox,2023-05-20 14:43:11-05:00,-74.478253,46.042768,110,Type B,5
970,Enduring Beaver,2023-05-20 14:43:14-05:00,-74.479168,46.044103,17,Type A,5
971,Brave Cheetah,2023-05-20 14:43:17-05:00,-74.479265,46.044863,21,Type B,5
972,Playful Dolphin,2023-05-20 14:43:19-05:00,-74.478878,46.043386,83,Type A,5
973,Daring Koala,2023-05-20 14:43:22-05:00,-74.477011,46.043454,101,Type A,5
974,Curious Penguin,2023-05-20 14:43:22-05:00,-74.477648,46.043178,99,Type A,5
975,Agile Hippopotamus,2023-05-20 14:43:24-05:00,-74.478533,46.043103,78,Type A,5
976,Curious Penguin,2023-05-20 14:43:33-05:00,-74.477594,46.043092,99,Type A,5
977,Graceful Raccoon,2023-05-20 14:43:38-05:00,-74.477653,46.045268,7,Type A,5
978,Resilient Otter,2023-05-20 14:43:40-05:00,-74.478149,46.04338,91,Type B,5
979,Daring Koala,2023-05-20 14:43:45-05:00,-74.47701,46.043468,101,Type A,5
980,Agile Hippopotamus,2023-05-20 14:43:47-05:00,-74.478531,46.043104,78,Type A,5
981,Curious Penguin,2023-05-20 14:43:52-05:00,-74.477594,46.043092,99,Type A,5
982,Resilient Otter,2023-05-20 14:43:54-05:00,-74.478149,46.04338,91,Type A,5
983,Majestic Kangaroo,2023-05-20 14:43:56-05:00,-74.477314,46.043939,95,Type A,5
984,Enduring Beaver,2023-05-20 14:44:01-05:00,-74.479131,46.044188,17,Type A,5
985,Curious Penguin,2023-05-20 14:44:02-05:00,-74.477594,46.043092,99,Type A,5
986,Gentle Bear,2023-05-20 14:44:02-05:00,-74.478364,46.043793,88,Type A,5
987,Elusive Fox,2023-05-20 14:44:03-05:00,-74.478253,46.042768,110,Type A,5
988,Majestic Kangaroo,2023-05-20 14:44:14-05:00,-74.477314,46.043939,95,Type A,5
989,Gentle Bear,2023-05-20 14:44:32-05:00,-74.478299,46.043789,88,Type A,5
990,Agile Hippopotamus,2023-05-20 14:44:37-05:00,-74.478534,46.043102,78,Type B,5
991,Resilient Otter,2023-05-20 14:44:41-05:00,-74.478122,46.043408,91,Type A,5
992,Graceful Raccoon,2023-05-20 14:44:43-05:00,-74.477652,46.045267,7,Type A,5
993,Daring Koala,2023-05-20 14:44:47-05:00,-74.47701,46.043468,101,Type A,5
994,Daring Koala,2023-05-20 14:44:56-05:00,-74.476997,46.043456,101,Type A,5
995,Majestic Kangaroo,2023-05-20 14:44:57-05:00,-74.477314,46.043939,95,Type A,5
996,Elusive Fox,2023-05-20 14:44:57-05:00,-74.478255,46.04273,110,Type A,5
997,Daring Koala,2023-05-20 14:45:10-05:00,-74.476997,46.043456,101,Type A,5
998,Wandering Antelope,2023-05-20 14:45:38-05:00,-74.478443,46.042573,14,Type A,5
999,Graceful Raccoon,2023-05-20 14:45:39-05:00,-74.477616,46.04521,7,Type A,5
1000,Agile Hippopotamus,2023-05-20 14:45:44-05:00,-74.478534,46.043104,78,Type B,5
1001,Majestic Kangaroo,2023-05-20 14:45:54-05:00,-74.477359,46.043911,95,Type A,5
1002,Brave Cheetah,2023-05-20 14:46:02-05:00,-74.479224,46.044894,21,Type A,5
1003,Agile Hippopotamus,2023-05-20 14:46:02-05:00,-74.478534,46.043103,78,Type B,5
1004,Wandering Antelope,2023-05-20 14:46:07-05:00,-74.478498,46.042602,14,Type A,5
1005,Loyal Crocodile,2023-05-20 14:46:24-05:00,-74.477557,46.045747,1,Type A,5
1006,Brave Cheetah,2023-05-20 14:46:28-05:00,-74.479224,46.044894,21,Type A,5
1007,Wandering Antelope,2023-05-20 14:46:29-05:00,-74.478498,46.042602,14,Type A,5
1008,Resilient Otter,2023-05-20 14:46:54-05:00,-74.47802,46.043333,91,Type B,5
1009,Agile Hippopotamus,2023-05-20 14:47:00-05:00,-74.478535,46.043103,78,Type A,5
1010,Gentle Bear,2023-05-20 14:47:01-05:00,-74.478365,46.043903,88,Type A,5
1011,Brave Cheetah,2023-05-20 14:47:01-05:00,-74.479229,46.04484,21,Type B,5
1012,Loyal Crocodile,2023-05-20 14:47:11-05:00,-74.47756,46.045793,1,Type A,5
1013,Elusive Fox,2023-05-20 14:47:16-05:00,-74.478268,46.042697,110,Type B,5
1014,Wandering Antelope,2023-05-20 14:47:31-05:00,-74.478498,46.042602,14,Type A,5
1015,Elusive Fox,2023-05-20 14:47:49-05:00,-74.47831,46.042723,110,Type A,5
1016,Agile Hippopotamus,2023-05-20 14:48:14-05:00,-74.478708,46.043236,78,Type B,5
1017,Loyal Crocodile,2023-05-20 14:48:19-05:00,-74.477562,46.045768,1,Type A,5
1018,Elusive Fox,2023-05-20 14:49:01-05:00,-74.478264,46.042717,110,Type B,5
1019,Agile Hippopotamus,2023-05-20 14:49:08-05:00,-74.478709,46.042961,78,Type B,5
1020,Resilient Otter,2023-05-20 14:49:11-05:00,-74.478065,46.043381,91,Type A,5
1021,Graceful Raccoon,2023-05-20 14:49:39-05:00,-74.490533,46.019699,7,Type A,5
1022,Majestic Kangaroo,2023-05-20 14:49:41-05:00,-74.478103,46.04374,107,Type A,5
1023,Wandering Antelope,2023-05-20 14:49:43-05:00,-74.478637,46.042486,72,Type A,5
1024,Elusive Fox,2023-05-20 14:49:46-05:00,-74.478263,46.042707,110,Type B,5
1025,Loyal Crocodile,2023-05-20 14:49:58-05:00,-74.477569,46.045761,1,Type A,5
1026,Wandering Antelope,2023-05-20 14:50:14-05:00,-74.478637,46.042486,72,Type A,5
1027,Elusive Fox,2023-05-20 14:50:26-05:00,-74.478269,46.042684,110,Type B,5
1028,Playful Dolphin,2023-05-20 14:50:30-05:00,-74.479035,46.043645,85,Type B,5
1029,Wandering Antelope,2023-05-20 14:50:34-05:00,-74.478637,46.042486,72,Type A,5
1030,Agile Hippopotamus,2023-05-20 14:50:39-05:00,-74.478638,46.043068,78,Type A,5
1031,Agile Hippopotamus,2023-05-20 14:50:54-05:00,-74.478573,46.043243,78,Type B,5
1032,Agile Hippopotamus,2023-05-20 14:51:10-05:00,-74.478573,46.043244,78,Type A,5
1033,Elusive Fox,2023-05-20 14:51:20-05:00,-74.478268,46.04272,110,Type A,5
1034,Curious Penguin,2023-05-20 14:51:23-05:00,-74.477683,46.04283,105,Type A,5
1035,Loyal Crocodile,2023-05-20 14:51:26-05:00,-74.477609,46.045786,1,Type A,5
1036,Graceful Raccoon,2023-05-20 14:51:26-05:00,-74.477718,46.045351,7,Type A,5
1037,Playful Dolphin,2023-05-20 14:51:42-05:00,-74.479067,46.043618,85,Type A,5
1038,Agile Hippopotamus,2023-05-20 14:51:42-05:00,-74.478728,46.043104,78,Type A,5
1039,Majestic Kangaroo,2023-05-20 14:51:44-05:00,-74.478336,46.043511,90,Type A,5
1040,Elusive Fox,2023-05-20 14:51:50-05:00,-74.478314,46.042707,110,Type B,5
1041,Agile Hippopotamus,2023-05-20 14:51:57-05:00,-74.478761,46.043073,78,Type A,5
1042,Wandering Antelope,2023-05-20 14:52:11-05:00,-74.478558,46.042458,72,Type A,5
1043,Resilient Otter,2023-05-20 14:52:13-05:00,-74.477982,46.042752,91,Type A,5
1044,Playful Dolphin,2023-05-20 14:52:17-05:00,-74.479067,46.043618,85,Type A,5
1045,Wise Leopard,2023-05-20 14:52:19-05:00,-74.47921,46.044846,21,Type B,5
1046,Agile Hippopotamus,2023-05-20 14:52:26-05:00,-74.478762,46.043071,78,Type A,5
1047,Curious Penguin,2023-05-20 14:52:29-05:00,-74.477683,46.04283,109,Type A,5
1048,Elusive Fox,2023-05-20 14:52:32-05:00,-74.478255,46.04267,110,Type B,5
1049,Bold Owl,2023-05-20 14:52:37-05:00,-74.478082,46.042317,102,Type A,5
1050,Curious Penguin,2023-05-20 14:52:41-05:00,-74.477683,46.04283,109,Type A,5
1051,Wise Leopard,2023-05-20 14:52:45-05:00,-74.479145,46.044849,21,Type A,5
1052,Playful Dolphin,2023-05-20 14:52:47-05:00,-74.479085,46.043574,85,Type A,5
1053,Graceful Raccoon,2023-05-20 14:52:54-05:00,-74.477671,46.04528,7,Type A,5
1054,Playful Dolphin,2023-05-20 14:53:17-05:00,-74.479085,46.043574,85,Type A,5
1055,Wise Leopard,2023-05-20 14:53:18-05:00,-74.479145,46.044849,21,Type B,5
1056,Agile Hippopotamus,2023-05-20 14:53:45-05:00,-74.478762,46.043071,78,Type A,5
1057,Elusive Fox,2023-05-20 14:53:48-05:00,-74.478255,46.042735,110,Type A,5
1058,Playful Dolphin,2023-05-20 14:53:49-05:00,-74.479085,46.043574,85,Type B,5
1059,Curious Penguin,2023-05-20 14:54:08-05:00,-74.477683,46.04283,109,Type A,5
1060,Resilient Otter,2023-05-20 14:54:11-05:00,-74.477948,46.042734,106,Type B,5
1061,Elusive Fox,2023-05-20 14:54:15-05:00,-74.478289,46.042763,110,Type B,5
1062,Wise Leopard,2023-05-20 14:54:26-05:00,-74.479188,46.04484,21,Type A,5
1063,Curious Penguin,2023-05-20 14:54:57-05:00,-74.477683,46.04283,109,Type A,5
1064,Resilient Otter,2023-05-20 14:55:02-05:00,-74.477845,46.042646,106,Type B,5
1065,Wise Leopard,2023-05-20 14:55:19-05:00,-74.479188,46.04484,21,Type A,5
1066,Daring Koala,2023-05-20 14:55:39-05:00,-74.477261,46.043012,104,Type A,5
1067,Wise Leopard,2023-05-20 14:55:43-05:00,-74.479188,46.04484,21,Type B,5
1068,Wise Leopard,2023-05-20 14:56:14-05:00,-74.479188,46.04484,21,Type B,5
1069,Loyal Crocodile,2023-05-20 14:56:17-05:00,-74.477759,46.046046,28,Type A,5
1070,Loyal Crocodile,2023-05-20 14:56:38-05:00,-74.477756,46.046085,28,Type A,5
1071,Wise Leopard,2023-05-20 14:56:48-05:00,-74.479188,46.04484,21,Type A,5
1072,Daring Koala,2023-05-20 14:56:54-05:00,-74.477273,46.043021,104,Type A,5
1073,Graceful Raccoon,2023-05-20 14:57:12-05:00,-74.477551,46.045824,1,Type A,5
1074,Wise Leopard,2023-05-20 14:57:13-05:00,-74.479188,46.04484,21,Type B,5
1075,Daring Koala,2023-05-20 14:57:35-05:00,-74.477272,46.043009,104,Type A,5
1076,Graceful Raccoon,2023-05-20 14:57:47-05:00,-74.477551,46.045824,1,Type A,5
1077,Wise Leopard,2023-05-20 14:58:04-05:00,-74.479188,46.04484,21,Type A,5
1078,Loyal Crocodile,2023-05-20 14:58:12-05:00,-74.477733,46.046125,28,Type A,5
1079,Resilient Otter,2023-05-20 14:58:16-05:00,-74.477822,46.042651,106,Type A,5
1080,Graceful Raccoon,2023-05-20 14:58:22-05:00,-74.477562,46.045836,1,Type A,5
1081,Wise Leopard,2023-05-20 14:58:31-05:00,-74.479188,46.04484,21,Type A,5
1082,Resilient Otter,2023-05-20 14:59:05-05:00,-74.477808,46.042666,106,Type B,5
1083,Wise Leopard,2023-05-20 14:59:26-05:00,-74.479188,46.04484,21,Type A,5
1084,Wise Leopard,2023-05-20 14:59:39-05:00,-74.479217,46.044797,21,Type A,5
1085,Resilient Otter,2023-05-20 14:59:47-05:00,-74.477734,46.042637,106,Type B,5
1086,Wise Leopard,2023-05-20 14:59:52-05:00,-74.479217,46.044797,21,Type B,5
1087,Wise Leopard,2023-05-20 15:00:33-05:00,-74.479217,46.044797,21,Type A,5
1088,Graceful Raccoon,2023-05-20 15:00:51-05:00,-74.477537,46.045807,1,Type A,5
1089,Wise Leopard,2023-05-20 15:01:01-05:00,-74.479217,46.044797,21,Type B,5
1090,Loyal Crocodile,2023-05-20 15:01:09-05:00,-74.478252,46.045986,27,Type A,5
1091,Graceful Raccoon,2023-05-20 15:02:07-05:00,-74.477576,46.045844,1,Type A,5
1092,Loyal Crocodile,2023-05-20 15:03:51-05:00,-74.478192,46.045978,27,Type A,5
1093,Graceful Raccoon,2023-05-20 15:04:31-05:00,-74.477521,46.045806,1,Type A,5
1094,Graceful Raccoon,2023-05-20 15:04:39-05:00,-74.477521,46.045806,1,Type A,5
1095,Daring Koala,2023-05-20 15:06:48-05:00,-74.477817,46.042591,106,Type A,5
1096,Daring Koala,2023-05-20 15:07:13-05:00,-74.477841,46.042577,106,Type A,5
1097,Daring Koala,2023-05-20 15:13:28-05:00,-74.477398,46.043617,98,Type A,5
1098,Loyal Crocodile,2023-05-20 10:13:42-05:00,-74.478732,46.043387,Independent Weasel,,1
1099,Resilient Otter,2023-05-20 10:15:05-05:00,-74.478482,46.042238,Agile Hippopotamus,,1
1100,Resourceful Platypus,2023-05-20 10:15:18-05:00,-74.475224,46.045694,Vigilant Puma,,1
1101,Playful Dolphin,2023-05-20 10:16:42-05:00,-74.477097,46.045534,Peaceful Walrus,,1
1102,Resourceful Platypus,2023-05-20 10:17:43-05:00,-74.478626,46.046005,Curious Penguin,,1
1103,Playful Dolphin,2023-05-20 10:19:12-05:00,-74.477686,46.045594,Elusive Fox,,1
1104,Resourceful Platypus,2023-05-20 10:20:20-05:00,-74.478466,46.045927,Daring Koala,,1
1105,Agile Hippopotamus,2023-05-20 10:23:35-05:00,-74.476714,46.04335,Lively Rabbit,,1
1106,Fierce Porcupine,2023-05-20 10:26:52-05:00,-74.478954,46.042118,,Type A,1
1107,Swift Elephant,2023-05-20 10:27:13-05:00,-74.479225,46.045532,Wise Leopard,,1
1108,Loyal Crocodile,2023-05-20 10:28:34-05:00,-74.478407,46.044187,Resilient Otter,,1
1109,Wandering Antelope,2023-05-20 10:29:59-05:00,-74.478516,46.042583,,Type B,1
1110,Wandering Antelope,2023-05-20 10:30:49-05:00,-74.478516,46.042583,,Type B,1
1111,Loyal Crocodile,2023-05-20 10:31:03-05:00,-74.478989,46.044175,Energetic Badger,,1
1112,Wandering Antelope,2023-05-20 10:31:37-05:00,-74.478516,46.042583,,Type B,1
1113,Wandering Antelope,2023-05-20 10:31:58-05:00,-74.478447,46.042567,,Type B,1
1114,Resourceful Platypus,2023-05-20 10:32:27-05:00,-74.477726,46.045913,Noble Zebra,,1
1115,Wandering Antelope,2023-05-20 10:32:35-05:00,-74.478373,46.042561,,Type A,1
1116,Wandering Antelope,2023-05-20 10:32:58-05:00,-74.478451,46.042576,,Type A,1
1117,Wandering Antelope,2023-05-20 10:33:21-05:00,-74.478451,46.042576,,Type A,1
1118,Playful Dolphin,2023-05-20 10:34:02-05:00,-74.478799,46.043357,Wild Tiger,,1
1119,Wandering Antelope,2023-05-20 10:34:09-05:00,-74.478451,46.042576,,Type B,1
1120,Wandering Antelope,2023-05-20 10:34:29-05:00,-74.478451,46.042576,,Type B,1
1121,Wandering Antelope,2023-05-20 10:35:28-05:00,-74.478451,46.042576,,Type B,1
1122,Tenacious Mongoose,2023-05-20 11:13:27-05:00,-74.479615,46.044289,,Type B,2
1123,Clever Lion,2023-05-20 11:15:29-05:00,-74.479931,46.045462,Persistent Armadillo,,2
1124,Daring Koala,2023-05-20 11:16:38-05:00,-74.478548,46.044286,Graceful Raccoon,,2
1125,Daring Koala,2023-05-20 11:17:50-05:00,-74.477974,46.043933,Fierce Porcupine,,2
1126,Wise Leopard,2023-05-20 11:18:13-05:00,-74.478045,46.044952,Agile Hippopotamus,,2
1127,Clever Lion,2023-05-20 11:18:49-05:00,-74.479264,46.045387,Inquisitive Panther,,2
1128,Daring Koala,2023-05-20 11:26:13-05:00,-74.479414,46.043117,Lively Rabbit,,2
1129,Loyal Crocodile,2023-05-20 11:27:10-05:00,-74.477085,46.045505,Curious Penguin,,2
1130,Daring Koala,2023-05-20 11:28:12-05:00,-74.478737,46.04239,Wild Tiger,,2
1131,Clever Lion,2023-05-20 11:32:30-05:00,-74.477725,46.043408,Gentle Bear,,2
1132,Playful Dolphin,2023-05-20 11:37:06-05:00,-74.478125,46.045414,Resilient Otter,,2
1133,Loyal Crocodile,2023-05-20 11:37:40-05:00,-74.477932,46.04299,Fearless Chameleon,,2
1134,Playful Dolphin,2023-05-20 11:40:58-05:00,-74.47874,46.044751,Resourceful Platypus,,2
1135,Tenacious Mongoose,2023-05-20 13:02:33-05:00,-74.478771,46.042123,Daring Koala,,3
1136,Wandering Antelope,2023-05-20 13:03:58-05:00,-74.478563,46.043616,Fierce Porcupine,,3
1137,Energetic Badger,2023-05-20 13:04:10-05:00,-74.478666,46.043534,,Type A,3
1138,Lively Rabbit,2023-05-20 13:04:26-05:00,-74.478666,46.043534,,Type A,3
1139,Independent Weasel,2023-05-20 13:05:13-05:00,-74.478156,46.042027,Agile Hippopotamus,,3
1140,Tenacious Mongoose,2023-05-20 13:06:33-05:00,-74.479021,46.04324,Clever Lion,,3
1141,Resilient Otter,2023-05-20 13:06:34-05:00,-74.477163,46.043927,Wise Leopard,Type A,3
1142,Independent Weasel,2023-05-20 13:07:24-05:00,-74.477919,46.043535,Graceful Raccoon,,3
1143,Resilient Otter,2023-05-20 13:09:16-05:00,-74.477898,46.043156,Cunning Giraffe,Type A,3
1144,Independent Weasel,2023-05-20 13:09:21-05:00,-74.478448,46.04417,Gentle Bear,,3
1145,Wandering Antelope,2023-05-20 13:11:27-05:00,-74.478382,46.044316,Tenacious Mongoose,,3
1146,Loyal Crocodile,2023-05-20 13:11:45-05:00,-74.479327,46.045158,,,3
1147,Peaceful Walrus,2023-05-20 13:11:54-05:00,-74.476902,46.04402,Bold Owl,,3
1148,Resilient Otter,2023-05-20 13:12:58-05:00,-74.479057,46.043934,Vigilant Puma,Type A,3
1149,Independent Weasel,2023-05-20 13:15:34-05:00,-74.480321,46.04342,Wild Tiger,,3
1150,Wandering Antelope,2023-05-20 13:16:03-05:00,-74.478822,46.043541,Peaceful Walrus,,3
1151,Resilient Otter,2023-05-20 13:16:08-05:00,-74.479085,46.04376,Elusive Fox,Type B,3
1152,Independent Weasel,2023-05-20 13:17:34-05:00,-74.478846,46.042772,Curious Penguin,,3
1153,Wandering Antelope,2023-05-20 13:19:17-05:00,-74.479277,46.043356,Resourceful Platypus,,3
1154,Independent Weasel,2023-05-20 13:24:40-05:00,-74.478875,46.044454,Majestic Kangaroo,,3
1155,Wandering Antelope,2023-05-20 13:56:55-05:00,-74.477805,46.043186,Wild Tiger,,4
1156,Daring Koala,2023-05-20 14:02:08-05:00,-74.479078,46.042134,Elusive Fox,,4
1157,Energetic Badger,2023-05-20 14:02:46-05:00,-74.478223,46.042369,Resilient Otter,,4
1158,Wandering Antelope,2023-05-20 14:09:43-05:00,-74.477825,46.044117,Playful Dolphin,,4
1159,Wandering Antelope,2023-05-20 14:11:10-05:00,-74.477422,46.044346,Enduring Beaver,,4
1160,Wandering Antelope,2023-05-20 14:11:48-05:00,-74.477229,46.044375,Cunning Giraffe,,4
1161,Wandering Antelope,2023-05-20 14:16:54-05:00,-74.47921,46.044323,Brave Cheetah,,4
1162,Swift Elephant,2023-05-20 14:43:35-05:00,-74.479163,46.042131,Cunning Giraffe,,5
1163,Noble Zebra,2023-05-20 14:43:51-05:00,-74.478414,46.044234,Fierce Porcupine,,5
1164,Loyal Crocodile,2023-05-20 14:46:53-05:00,-74.477557,46.045747,,,5
1165,Noble Zebra,2023-05-20 14:47:53-05:00,-74.479129,46.044083,Enduring Beaver,,5
1166,Resourceful Platypus,2023-05-20 14:48:20-05:00,-74.479118,46.044838,Brave Cheetah,,5
1167,Swift Elephant,2023-05-20 14:48:58-05:00,-74.477122,46.043889,Peaceful Walrus,,5
1168,Swift Elephant,2023-05-20 14:51:22-05:00,-74.478137,46.044145,Gentle Bear,,5
1169,Vigilant Puma,2023-05-20 14:53:15-05:00,-74.47832,46.043536,Majestic Kangaroo,,5
1170,Swift Elephant,2023-05-20 14:54:04-05:00,-74.47691,46.043197,Bold Owl,,5
1171,Noble Zebra,2023-05-20 14:54:45-05:00,-74.478713,46.043071,Agile Hippopotamus,,5
1172,Swift Elephant,2023-05-20 14:55:48-05:00,-74.477705,46.042847,Curious Penguin,,5
1173,Vigilant Puma,2023-05-20 14:56:52-05:00,-74.478608,46.042573,Elusive Fox,,5
1174,Energetic Badger,2023-05-20 14:58:51-05:00,-74.478658,46.042654,Wandering Antelope,,5
1175,Swift Elephant,2023-05-20 15:02:38-05:00,-74.479336,46.04479,Wise Leopard,,5
1176,Resourceful Platypus,2023-05-20 15:04:44-05:00,-74.478459,46.042306,Resilient Otter,,5
1177,Vigilant Puma,2023-05-20 15:06:28-05:00,-74.478416,46.045881,Loyal Crocodile,,5
1178,Swift Elephant,2023-05-20 15:08:19-05:00,-74.47761,46.045733,Graceful Raccoon,,5
